device_id,temperature,humidity,aqi,ppm,latitude,longitude,timestamp
1,16.69,70.31,Green (Healthy),26.05,17.57265,53.500708,2024-07-10 22:21:45.401450
1,39.53,88.09,Yellow (Moderate),51.68,30.999938,47.472897,2024-01-10 22:21:45.402965
1,36.34,29.67,Orange (Unhealthy for Sensitive Groups),239.76,29.761649,48.524922,2024-07-03 22:21:45.402965
1,16.17,70.85,Red (Unhealthy),434.27,24.096539,46.021456,2024-06-11 22:21:45.402965
1,34.37,32.46,Brown (Hazardous),419.96,23.789913,51.925439,2024-08-12 22:21:45.402965
1,23.93,67.27,Red (Unhealthy),463.71,29.218987,40.017634,2023-09-28 22:21:45.402965
1,15.72,73.93,Orange (Unhealthy for Sensitive Groups),367.89,20.988796,37.762067,2024-06-18 22:21:45.402965
1,19.16,24.52,Yellow (Moderate),162.02,27.189602,45.60983,2024-08-08 22:21:45.402965
1,27.95,51.41,Yellow (Moderate),366.05,29.258332,39.3078,2023-11-02 22:21:45.402965
1,35.99,84.06,Green (Healthy),85.42,23.101711,44.62477,2024-07-04 22:21:45.402965
2,38.23,79.64,Brown (Hazardous),187.03,23.62899,47.380068,2024-04-29 22:21:45.402965
2,37.63,84.3,Orange (Unhealthy for Sensitive Groups),460.32,30.503694,45.683412,2023-12-04 22:21:45.402965
2,31.6,80.29,Green (Healthy),204.65,30.076138,50.194078,2023-09-29 22:21:45.402965
2,36.28,61.93,Green (Healthy),260.29,29.945044,42.175667,2023-11-16 22:21:45.402965
2,17.72,53.02,Brown (Hazardous),228.51,29.866405,43.002748,2024-07-01 22:21:45.402965
2,37.52,54.49,Purple (Very Unhealthy),27.17,23.857258,46.668134,2024-03-28 22:21:45.402965
2,24.16,71.3,Yellow (Moderate),172.48,29.029642,46.707829,2024-05-05 22:21:45.402965
2,25.83,67.62,Orange (Unhealthy for Sensitive Groups),489.32,31.929675,35.730578,2023-10-11 22:21:45.402965
2,32.03,21.32,Yellow (Moderate),122.69,16.910595,51.112345,2024-01-12 22:21:45.402965
2,22.48,45.02,Green (Healthy),241.7,18.256777,47.384348,2024-01-22 22:21:45.402965
3,17.77,77.2,Brown (Hazardous),89.79,26.918756,37.772715,2024-01-17 22:21:45.402965
3,36.36,81.35,Brown (Hazardous),77.91,25.336317,35.198965,2024-02-26 22:21:45.402965
3,35.32,67.56,Green (Healthy),203.79,19.045274,44.021315,2023-12-27 22:21:45.402965
3,20.91,58.0,Orange (Unhealthy for Sensitive Groups),486.34,31.438473,51.951441,2024-03-05 22:21:45.402965
3,36.04,81.08,Red (Unhealthy),239.16,25.448633,36.411755,2024-06-11 22:21:45.402965
3,15.65,65.58,Purple (Very Unhealthy),101.74,30.804026,50.90738,2024-07-30 22:21:45.402965
3,33.09,50.28,Green (Healthy),25.47,29.104868,34.353694,2024-06-08 22:21:45.402965
3,37.77,62.5,Green (Healthy),29.89,27.494155,52.512584,2024-05-10 22:21:45.402965
3,26.25,73.29,Green (Healthy),79.91,24.305235,47.897507,2023-12-03 22:21:45.402965
3,19.48,26.69,Orange (Unhealthy for Sensitive Groups),277.94,22.966756,36.443768,2023-12-13 22:21:45.402965
4,18.67,61.83,Red (Unhealthy),240.12,27.452648,37.130479,2024-05-28 22:21:45.402965
4,37.03,71.66,Orange (Unhealthy for Sensitive Groups),92.04,28.949096,44.082505,2024-09-02 22:21:45.402965
4,29.58,76.07,Red (Unhealthy),234.7,25.155771,51.015459,2024-03-24 22:21:45.402965
4,31.78,70.47,Purple (Very Unhealthy),479.22,28.019553,37.801431,2023-11-12 22:21:45.402965
4,32.04,23.28,Green (Healthy),74.24,16.537821,39.37623,2024-03-29 22:21:45.402965
4,21.76,38.06,Purple (Very Unhealthy),1.07,17.194977,34.921908,2024-05-19 22:21:45.402965
4,24.71,23.94,Orange (Unhealthy for Sensitive Groups),466.04,21.64515,43.772255,2023-12-09 22:21:45.402965
4,20.85,58.49,Purple (Very Unhealthy),354.15,31.550274,37.043396,2024-06-02 22:21:45.402965
4,33.74,49.84,Brown (Hazardous),419.56,16.742853,42.669823,2023-11-23 22:21:45.402965
4,37.06,72.82,Brown (Hazardous),387.21,19.291953,40.757654,2024-04-16 22:21:45.402965
5,17.09,79.0,Yellow (Moderate),298.26,27.899626,52.092453,2023-10-24 22:21:45.402965
5,19.29,59.4,Red (Unhealthy),90.99,24.807667,39.982043,2024-08-12 22:21:45.402965
5,19.77,87.41,Green (Healthy),431.38,22.006916,38.561413,2023-09-04 22:21:45.402965
5,29.18,54.13,Purple (Very Unhealthy),392.25,30.267597,49.069749,2024-08-27 22:21:45.402965
5,24.21,26.19,Orange (Unhealthy for Sensitive Groups),347.56,27.262457,34.661854,2024-04-21 22:21:45.402965
5,18.0,24.32,Yellow (Moderate),136.73,24.121219,51.100958,2023-09-06 22:21:45.402965
5,15.39,58.5,Orange (Unhealthy for Sensitive Groups),2.73,26.081219,41.090923,2024-07-27 22:21:45.402965
5,21.07,35.19,Purple (Very Unhealthy),469.06,22.580221,37.01695,2023-11-09 22:21:45.402965
5,35.14,28.33,Brown (Hazardous),145.89,28.928508,54.87885,2024-06-05 22:21:45.402965
5,23.61,24.43,Yellow (Moderate),304.44,27.177831,54.24565,2023-09-18 22:21:45.402965
6,18.44,23.3,Red (Unhealthy),213.0,18.525634,45.164504,2024-06-19 22:21:45.402965
6,34.2,62.93,Brown (Hazardous),278.85,24.851914,38.41398,2024-01-28 22:21:45.402965
6,31.03,41.0,Brown (Hazardous),367.1,20.083804,51.812771,2024-01-05 22:21:45.402965
6,28.65,47.9,Green (Healthy),317.98,24.654229,51.884299,2023-12-30 22:21:45.402965
6,25.71,46.2,Red (Unhealthy),306.72,21.75309,46.493974,2023-12-07 22:21:45.402965
6,28.09,86.94,Purple (Very Unhealthy),401.38,28.883215,54.223178,2023-12-25 22:21:45.402965
6,26.6,75.98,Purple (Very Unhealthy),258.15,21.463901,47.320547,2023-09-21 22:21:45.402965
6,31.59,64.23,Orange (Unhealthy for Sensitive Groups),1.59,30.47539,39.627991,2023-09-21 22:21:45.402965
6,25.18,25.54,Orange (Unhealthy for Sensitive Groups),178.19,23.926856,40.850568,2024-02-26 22:21:45.402965
6,22.63,60.79,Orange (Unhealthy for Sensitive Groups),492.85,25.294907,39.682189,2024-05-05 22:21:45.402965
7,21.42,89.34,Orange (Unhealthy for Sensitive Groups),465.78,25.585849,43.977895,2023-11-23 22:21:45.402965
7,36.63,48.56,Purple (Very Unhealthy),417.95,31.505849,51.439423,2024-03-05 22:21:45.402965
7,18.48,72.93,Yellow (Moderate),374.31,20.779084,50.961403,2024-02-24 22:21:45.402965
7,25.03,75.01,Red (Unhealthy),325.33,22.63713,40.83216,2024-07-09 22:21:45.402965
7,19.78,78.64,Brown (Hazardous),454.23,29.517638,43.228641,2024-07-16 22:21:45.402965
7,27.72,29.86,Purple (Very Unhealthy),144.86,31.337546,40.02092,2023-09-20 22:21:45.402965
7,15.52,30.61,Yellow (Moderate),350.78,24.176397,45.071471,2024-08-04 22:21:45.402965
7,23.7,82.23,Purple (Very Unhealthy),175.3,26.142712,52.317714,2023-11-16 22:21:45.402965
7,21.59,21.63,Orange (Unhealthy for Sensitive Groups),349.49,21.279431,50.438714,2024-06-17 22:21:45.402965
7,37.65,41.55,Green (Healthy),480.66,21.918771,45.643819,2024-01-19 22:21:45.402965
8,37.39,22.5,Green (Healthy),427.08,20.916391,45.442594,2024-04-06 22:21:45.402965
8,28.64,21.0,Orange (Unhealthy for Sensitive Groups),243.77,25.4395,42.398273,2024-09-01 22:21:45.402965
8,17.51,86.48,Red (Unhealthy),169.5,24.629917,43.231888,2023-12-30 22:21:45.402965
8,30.33,58.68,Green (Healthy),475.58,29.985189,41.835457,2023-09-28 22:21:45.402965
8,21.74,76.29,Purple (Very Unhealthy),79.18,31.457912,45.365968,2023-09-28 22:21:45.402965
8,27.29,52.65,Yellow (Moderate),343.12,17.292337,53.52795,2024-02-15 22:21:45.402965
8,38.57,55.65,Green (Healthy),482.86,21.545462,40.914076,2024-04-09 22:21:45.402965
8,23.35,76.36,Yellow (Moderate),65.51,31.0236,40.137988,2024-03-11 22:21:45.402965
8,20.36,52.9,Green (Healthy),142.42,24.736214,54.863221,2024-06-15 22:21:45.402965
8,37.21,29.03,Red (Unhealthy),435.89,23.838656,50.638636,2023-10-21 22:21:45.402965
9,30.98,71.38,Yellow (Moderate),319.02,18.629771,51.815221,2023-10-23 22:21:45.402965
9,19.77,55.74,Yellow (Moderate),261.78,27.054067,43.312389,2023-09-13 22:21:45.402965
9,22.89,70.22,Red (Unhealthy),78.57,31.594981,37.226696,2024-03-20 22:21:45.402965
9,28.77,72.81,Orange (Unhealthy for Sensitive Groups),494.16,23.803437,40.817046,2024-07-03 22:21:45.402965
9,34.53,61.5,Orange (Unhealthy for Sensitive Groups),311.71,24.482138,36.592109,2023-11-21 22:21:45.402965
9,20.95,85.39,Purple (Very Unhealthy),122.52,30.677905,37.836933,2024-08-19 22:21:45.402965
9,32.52,52.48,Purple (Very Unhealthy),499.24,18.990863,44.089023,2024-04-25 22:21:45.402965
9,29.79,76.48,Red (Unhealthy),49.96,26.492557,36.698197,2024-04-03 22:21:45.402965
9,37.24,24.89,Brown (Hazardous),291.72,18.95004,48.060295,2024-08-28 22:21:45.402965
9,25.72,59.6,Brown (Hazardous),421.87,23.006375,51.539198,2024-02-19 22:21:45.402965
10,38.7,65.65,Orange (Unhealthy for Sensitive Groups),69.04,17.408805,49.734451,2024-07-22 22:21:45.402965
10,31.33,63.7,Red (Unhealthy),269.01,19.267812,35.069517,2023-12-15 22:21:45.402965
10,32.2,83.03,Orange (Unhealthy for Sensitive Groups),485.98,28.456917,51.2482,2024-07-04 22:21:45.402965
10,18.52,67.08,Red (Unhealthy),59.84,17.814207,43.637903,2024-04-08 22:21:45.402965
10,25.43,74.27,Brown (Hazardous),462.83,16.374894,47.415237,2024-02-09 22:21:45.402965
10,21.56,46.26,Yellow (Moderate),333.62,16.661694,42.130505,2024-05-19 22:21:45.402965
10,15.57,25.87,Brown (Hazardous),482.48,16.269645,51.793619,2023-09-17 22:21:45.402965
10,27.53,62.86,Green (Healthy),135.72,20.496068,52.083779,2024-02-10 22:21:45.402965
10,17.25,39.41,Brown (Hazardous),379.62,27.777739,46.653186,2024-03-11 22:21:45.402965
10,22.84,47.74,Purple (Very Unhealthy),223.2,16.099023,53.098761,2024-05-01 22:21:45.402965
11,35.89,26.26,Brown (Hazardous),435.21,17.149094,46.061209,2024-06-22 22:21:45.402965
11,18.89,30.66,Orange (Unhealthy for Sensitive Groups),154.26,29.900296,47.471495,2024-04-05 22:21:45.406541
11,19.8,74.04,Green (Healthy),290.03,17.696174,48.2242,2023-09-24 22:21:45.406541
11,32.84,26.22,Orange (Unhealthy for Sensitive Groups),78.63,16.64775,47.77794,2024-05-26 22:21:45.406541
11,35.69,73.95,Green (Healthy),395.24,20.697917,38.114135,2024-02-25 22:21:45.406541
11,19.69,61.22,Purple (Very Unhealthy),372.88,24.359572,43.396655,2024-03-22 22:21:45.406541
11,35.04,20.14,Yellow (Moderate),259.97,21.9932,38.166325,2024-03-17 22:21:45.406541
11,15.53,56.02,Brown (Hazardous),453.84,20.560922,36.681937,2024-04-12 22:21:45.406541
11,20.73,69.49,Green (Healthy),224.38,30.127558,47.90769,2024-05-27 22:21:45.406541
11,25.66,48.04,Purple (Very Unhealthy),355.34,29.773955,43.777695,2023-11-07 22:21:45.406541
12,21.25,84.69,Purple (Very Unhealthy),379.38,17.578876,47.033627,2023-11-23 22:21:45.406541
12,34.48,61.2,Orange (Unhealthy for Sensitive Groups),99.84,29.703122,46.975245,2024-01-05 22:21:45.406541
12,32.87,36.71,Brown (Hazardous),279.99,31.186548,46.441121,2024-03-15 22:21:45.406541
12,36.49,84.58,Purple (Very Unhealthy),348.6,25.80322,44.397464,2024-05-04 22:21:45.406541
12,30.31,31.84,Purple (Very Unhealthy),89.9,24.078781,38.830556,2024-07-08 22:21:45.406541
12,15.59,67.94,Purple (Very Unhealthy),6.17,26.118776,40.134153,2023-09-08 22:21:45.406541
12,39.18,65.77,Orange (Unhealthy for Sensitive Groups),181.12,19.265865,47.259632,2023-09-10 22:21:45.406541
12,15.89,36.81,Green (Healthy),170.48,24.74567,49.589814,2024-01-24 22:21:45.406541
12,23.99,21.2,Brown (Hazardous),137.54,28.510708,45.288107,2024-04-05 22:21:45.406541
12,39.88,62.13,Orange (Unhealthy for Sensitive Groups),189.7,20.346986,52.447984,2024-08-09 22:21:45.406541
13,28.51,62.17,Purple (Very Unhealthy),339.42,22.514184,38.106565,2023-10-31 22:21:45.406541
13,34.94,65.12,Green (Healthy),243.62,25.420422,39.666081,2023-11-21 22:21:45.406541
13,27.46,72.76,Brown (Hazardous),170.84,20.306096,36.333401,2024-01-19 22:21:45.406541
13,36.52,65.04,Green (Healthy),150.62,20.092747,37.519373,2024-02-12 22:21:45.406541
13,36.24,22.99,Purple (Very Unhealthy),244.86,24.117472,41.011821,2024-06-13 22:21:45.406541
13,25.87,43.14,Orange (Unhealthy for Sensitive Groups),193.3,30.827563,44.479681,2024-02-07 22:21:45.406541
13,17.97,45.76,Purple (Very Unhealthy),290.42,22.432138,47.847632,2023-09-18 22:21:45.406541
13,15.3,73.72,Red (Unhealthy),17.49,31.219815,44.748216,2023-09-27 22:21:45.406541
13,21.38,26.73,Purple (Very Unhealthy),448.93,26.944851,47.333461,2023-12-23 22:21:45.406541
13,30.87,40.55,Orange (Unhealthy for Sensitive Groups),364.72,28.49828,42.54676,2023-12-22 22:21:45.406541
14,19.66,74.17,Orange (Unhealthy for Sensitive Groups),499.94,18.765697,48.593951,2024-05-23 22:21:45.406541
14,27.31,67.58,Red (Unhealthy),129.89,22.543583,50.582961,2024-09-03 22:21:45.406541
14,22.29,60.02,Brown (Hazardous),472.73,24.322219,45.553873,2024-08-06 22:21:45.406541
14,26.59,71.2,Green (Healthy),232.33,25.052268,36.056793,2024-09-02 22:21:45.406541
14,38.09,53.64,Brown (Hazardous),346.59,20.484015,51.978531,2023-10-24 22:21:45.406541
14,18.51,53.3,Brown (Hazardous),285.26,21.14116,41.8663,2024-03-21 22:21:45.406541
14,35.4,30.56,Orange (Unhealthy for Sensitive Groups),373.44,21.729054,46.189292,2024-03-19 22:21:45.406541
14,22.33,55.25,Red (Unhealthy),388.99,26.405039,37.976931,2024-04-06 22:21:45.406541
14,36.22,33.89,Orange (Unhealthy for Sensitive Groups),439.12,16.164514,43.73567,2024-01-25 22:21:45.406541
14,32.95,85.27,Purple (Very Unhealthy),172.69,29.122782,35.064578,2024-08-14 22:21:45.406541
15,30.52,55.49,Orange (Unhealthy for Sensitive Groups),262.62,31.672372,34.772806,2023-09-27 22:21:45.406541
15,30.73,35.84,Purple (Very Unhealthy),273.65,26.841724,40.926959,2023-12-22 22:21:45.406541
15,25.68,39.21,Yellow (Moderate),182.38,21.724233,50.860156,2024-03-13 22:21:45.406541
15,29.61,75.05,Brown (Hazardous),130.45,19.450074,47.371582,2024-07-04 22:21:45.406541
15,16.15,32.9,Orange (Unhealthy for Sensitive Groups),482.81,16.031676,40.489372,2024-02-25 22:21:45.406541
15,35.74,75.39,Purple (Very Unhealthy),477.1,29.113588,39.782265,2024-05-29 22:21:45.406541
15,15.63,32.4,Yellow (Moderate),167.32,17.737896,38.84779,2024-06-12 22:21:45.406541
15,37.52,44.35,Purple (Very Unhealthy),276.42,27.900367,53.710662,2024-01-23 22:21:45.406541
15,25.99,80.32,Purple (Very Unhealthy),413.07,26.980309,52.452673,2024-06-17 22:21:45.406541
15,34.78,37.11,Green (Healthy),393.6,30.525418,42.435977,2023-12-01 22:21:45.406541
16,25.47,48.87,Brown (Hazardous),191.35,21.809212,51.662047,2024-08-07 22:21:45.406541
16,20.43,80.3,Purple (Very Unhealthy),199.32,18.47976,51.272816,2024-04-14 22:21:45.406541
16,16.11,65.7,Red (Unhealthy),348.68,18.797656,36.265547,2024-03-22 22:21:45.406541
16,20.14,38.49,Green (Healthy),204.81,31.167612,46.919225,2024-04-06 22:21:45.406541
16,27.88,67.74,Yellow (Moderate),20.38,20.101778,44.344777,2023-10-11 22:21:45.406541
16,23.87,35.79,Orange (Unhealthy for Sensitive Groups),46.35,23.53327,35.096337,2024-03-11 22:21:45.406541
16,24.53,86.25,Orange (Unhealthy for Sensitive Groups),483.59,19.08998,50.03534,2024-08-26 22:21:45.406541
16,37.35,46.77,Green (Healthy),264.27,17.552981,47.102044,2024-02-15 22:21:45.406541
16,37.48,50.57,Yellow (Moderate),396.82,23.309072,36.663411,2023-09-10 22:21:45.406541
16,35.16,87.46,Purple (Very Unhealthy),345.32,25.91646,48.264223,2024-07-15 22:21:45.406541
17,24.29,83.44,Green (Healthy),358.34,17.423958,46.064968,2023-12-04 22:21:45.406541
17,19.2,62.73,Red (Unhealthy),237.87,19.040896,40.925125,2024-07-06 22:21:45.406541
17,33.41,50.76,Purple (Very Unhealthy),27.63,20.903594,39.723177,2023-12-20 22:21:45.406541
17,27.38,55.95,Brown (Hazardous),205.63,17.808925,41.73076,2024-04-17 22:21:45.406541
17,39.37,40.52,Orange (Unhealthy for Sensitive Groups),167.12,28.086723,44.086565,2023-12-22 22:21:45.406541
17,38.21,58.69,Orange (Unhealthy for Sensitive Groups),113.83,28.760504,40.938824,2024-03-08 22:21:45.406541
17,21.07,40.38,Yellow (Moderate),302.2,19.242538,45.294387,2024-08-12 22:21:45.406541
17,34.44,86.15,Brown (Hazardous),361.66,23.966966,48.96064,2023-12-03 22:21:45.406541
17,24.09,31.6,Brown (Hazardous),387.59,29.648141,35.29431,2024-03-04 22:21:45.406541
17,34.98,86.62,Orange (Unhealthy for Sensitive Groups),139.98,16.085182,44.603504,2024-05-02 22:21:45.406541
18,37.39,67.64,Purple (Very Unhealthy),495.64,19.377881,39.773275,2024-01-15 22:21:45.406541
18,26.95,80.55,Orange (Unhealthy for Sensitive Groups),61.73,23.58042,46.228476,2023-10-27 22:21:45.406541
18,39.35,59.93,Brown (Hazardous),237.57,19.454811,53.380543,2024-06-12 22:21:45.406541
18,39.7,82.87,Orange (Unhealthy for Sensitive Groups),333.82,20.296877,43.702824,2024-06-26 22:21:45.408691
18,33.29,89.14,Yellow (Moderate),352.93,20.614604,38.533445,2023-10-31 22:21:45.408691
18,30.54,26.6,Orange (Unhealthy for Sensitive Groups),350.4,28.833717,43.039374,2024-07-08 22:21:45.408691
18,19.06,51.9,Orange (Unhealthy for Sensitive Groups),475.53,17.539671,47.117822,2024-03-09 22:21:45.408691
18,19.78,59.51,Orange (Unhealthy for Sensitive Groups),402.57,21.742913,38.393249,2023-11-27 22:21:45.408691
18,21.3,35.35,Brown (Hazardous),111.12,23.527104,41.034576,2024-05-01 22:21:45.408691
18,37.41,89.03,Red (Unhealthy),490.43,27.994808,34.958615,2024-08-05 22:21:45.408691
19,32.93,42.18,Red (Unhealthy),249.74,27.318641,50.426391,2023-12-07 22:21:45.408691
19,16.28,51.6,Green (Healthy),418.43,26.224741,38.686962,2024-04-16 22:21:45.408691
19,39.98,65.19,Purple (Very Unhealthy),428.31,29.507416,39.131762,2024-03-24 22:21:45.408691
19,23.69,73.46,Brown (Hazardous),453.03,24.145711,35.35738,2024-06-26 22:21:45.408691
19,24.39,32.31,Red (Unhealthy),263.76,26.564471,50.750302,2024-03-17 22:21:45.408691
19,27.46,42.57,Brown (Hazardous),62.78,16.085743,45.264442,2023-09-18 22:21:45.408691
19,25.66,40.42,Green (Healthy),346.32,19.903462,53.47518,2024-03-16 22:21:45.408691
19,39.9,25.2,Green (Healthy),35.52,24.276526,34.442532,2024-06-21 22:21:45.408691
19,36.68,86.87,Orange (Unhealthy for Sensitive Groups),483.3,22.152612,54.778675,2024-01-08 22:21:45.408691
19,39.81,84.43,Green (Healthy),468.37,21.37636,47.373965,2023-09-25 22:21:45.408691
20,16.45,63.31,Green (Healthy),299.89,26.32621,53.986547,2023-10-12 22:21:45.408691
20,21.67,32.81,Orange (Unhealthy for Sensitive Groups),332.8,31.837587,47.270602,2024-05-22 22:21:45.408691
20,27.35,74.25,Red (Unhealthy),388.56,27.532222,54.550257,2024-04-09 22:21:45.408691
20,34.27,53.03,Green (Healthy),240.38,30.677521,46.947951,2024-02-27 22:21:45.408691
20,21.2,54.28,Red (Unhealthy),83.2,30.361423,42.727884,2023-09-07 22:21:45.408691
20,37.05,84.21,Purple (Very Unhealthy),78.5,20.968605,39.276051,2023-12-10 22:21:45.408691
20,17.57,77.22,Brown (Hazardous),257.09,17.929877,44.944593,2024-06-30 22:21:45.408691
20,26.67,63.47,Green (Healthy),156.38,18.760763,43.187355,2024-02-01 22:21:45.408691
20,32.2,75.68,Yellow (Moderate),46.08,19.165975,48.026528,2024-03-31 22:21:45.408691
20,39.95,33.78,Brown (Hazardous),375.06,18.996821,36.221307,2023-10-03 22:21:45.408691
21,31.84,81.6,Green (Healthy),347.91,28.002258,36.514269,2024-01-15 22:21:45.409771
21,38.26,26.92,Purple (Very Unhealthy),133.04,16.123385,46.864128,2024-05-03 22:21:45.409771
21,24.39,53.93,Green (Healthy),28.32,16.788243,36.476347,2024-07-27 22:21:45.409771
21,31.66,33.81,Yellow (Moderate),327.14,19.431339,38.810442,2024-03-26 22:21:45.409771
21,32.21,79.58,Brown (Hazardous),386.81,16.903916,48.263175,2023-11-05 22:21:45.409771
21,23.23,50.14,Brown (Hazardous),346.16,22.445224,43.531053,2024-07-26 22:21:45.409771
21,19.94,44.15,Yellow (Moderate),197.51,26.743286,35.163777,2024-02-21 22:21:45.409941
21,28.44,62.45,Green (Healthy),258.82,17.105568,54.277752,2024-03-20 22:21:45.409941
21,35.83,72.31,Brown (Hazardous),445.41,21.334579,50.898488,2024-08-13 22:21:45.409941
21,31.89,78.31,Yellow (Moderate),371.77,20.594629,43.93094,2024-01-11 22:21:45.409941
22,26.16,81.41,Orange (Unhealthy for Sensitive Groups),306.05,17.1764,53.600513,2023-09-10 22:21:45.409941
22,18.14,72.01,Orange (Unhealthy for Sensitive Groups),68.39,29.307903,41.99461,2023-10-12 22:21:45.409941
22,22.18,54.89,Brown (Hazardous),132.54,23.059571,45.134236,2024-06-21 22:21:45.409941
22,28.61,84.37,Yellow (Moderate),413.51,17.535585,48.721711,2024-05-26 22:21:45.409941
22,25.89,24.47,Brown (Hazardous),482.77,21.28845,40.365125,2024-06-07 22:21:45.409941
22,18.42,73.54,Purple (Very Unhealthy),77.39,18.520461,41.307206,2024-05-20 22:21:45.409941
22,38.12,36.76,Yellow (Moderate),348.2,21.845181,40.979779,2023-09-17 22:21:45.409941
22,25.21,63.49,Red (Unhealthy),208.31,19.296945,38.758941,2023-11-26 22:21:45.409941
22,18.66,65.27,Brown (Hazardous),106.58,23.879365,48.246232,2023-12-18 22:21:45.409941
22,22.26,51.96,Green (Healthy),6.33,18.610751,46.834029,2023-12-06 22:21:45.409941
23,20.53,59.52,Purple (Very Unhealthy),247.03,26.982897,35.288814,2024-02-01 22:21:45.410254
23,27.31,85.18,Yellow (Moderate),67.43,30.832885,47.317511,2024-05-09 22:21:45.410254
23,33.1,21.67,Orange (Unhealthy for Sensitive Groups),112.7,16.689071,47.514671,2024-04-13 22:21:45.410254
23,38.89,40.74,Brown (Hazardous),183.03,29.085085,45.469486,2023-11-27 22:21:45.410254
23,20.29,47.42,Yellow (Moderate),79.39,28.735868,54.683548,2024-05-07 22:21:45.410254
23,38.4,48.13,Yellow (Moderate),457.29,18.906682,47.35414,2024-04-26 22:21:45.410254
23,26.43,40.09,Purple (Very Unhealthy),270.97,22.413882,37.809407,2024-07-07 22:21:45.410254
23,35.85,87.82,Orange (Unhealthy for Sensitive Groups),329.05,20.649548,46.920981,2023-12-23 22:21:45.410254
23,29.08,33.43,Brown (Hazardous),420.02,20.004924,41.404067,2024-03-21 22:21:45.410254
23,30.77,49.13,Orange (Unhealthy for Sensitive Groups),413.2,30.343428,47.597175,2024-05-08 22:21:45.410254
24,26.57,73.49,Yellow (Moderate),180.99,18.289692,54.233327,2024-08-06 22:21:45.410254
24,39.89,81.44,Yellow (Moderate),264.04,26.950052,38.525728,2024-05-06 22:21:45.410254
24,32.45,89.95,Green (Healthy),53.37,21.749935,38.59063,2024-05-01 22:21:45.410254
24,23.73,54.45,Purple (Very Unhealthy),44.83,19.851608,38.885232,2024-02-27 22:21:45.410254
24,39.68,20.02,Green (Healthy),210.63,16.146314,40.507632,2024-06-04 22:21:45.410254
24,34.6,81.16,Red (Unhealthy),127.28,18.367481,38.673161,2024-02-16 22:21:45.410254
24,19.08,86.13,Yellow (Moderate),56.91,20.583398,54.899631,2024-05-13 22:21:45.410254
24,20.3,48.54,Orange (Unhealthy for Sensitive Groups),171.66,19.889777,54.874261,2024-07-06 22:21:45.410254
24,38.65,53.16,Green (Healthy),120.15,30.866329,37.913658,2024-02-07 22:21:45.410254
24,25.39,76.61,Orange (Unhealthy for Sensitive Groups),105.63,29.543994,48.089642,2024-01-21 22:21:45.410254
25,30.79,87.96,Brown (Hazardous),425.54,23.405082,42.845199,2024-03-16 22:21:45.410254
25,25.24,70.57,Red (Unhealthy),102.42,25.498347,47.691707,2024-06-08 22:21:45.410254
25,35.54,71.88,Purple (Very Unhealthy),412.45,24.65854,40.336313,2024-04-10 22:21:45.410254
25,25.32,81.29,Orange (Unhealthy for Sensitive Groups),442.54,21.112557,54.983939,2024-03-16 22:21:45.410254
25,32.61,26.79,Orange (Unhealthy for Sensitive Groups),130.16,18.320885,52.367305,2023-12-29 22:21:45.410254
25,30.81,65.45,Yellow (Moderate),10.24,28.35537,37.725873,2024-04-03 22:21:45.410254
25,35.57,89.15,Purple (Very Unhealthy),278.92,23.054768,43.781036,2024-02-10 22:21:45.410254
25,24.19,43.41,Orange (Unhealthy for Sensitive Groups),372.05,23.315757,37.799538,2024-08-02 22:21:45.410254
25,15.86,43.17,Purple (Very Unhealthy),23.63,18.938599,47.070063,2024-07-01 22:21:45.410254
25,37.63,68.3,Brown (Hazardous),359.48,21.929658,49.027527,2024-07-05 22:21:45.410254
26,34.03,66.18,Yellow (Moderate),198.97,23.17675,34.938928,2023-09-29 22:21:45.410254
26,37.53,54.43,Green (Healthy),87.87,26.533169,40.277681,2024-03-12 22:21:45.410254
26,29.59,29.65,Green (Healthy),251.41,28.451359,34.473746,2024-03-23 22:21:45.410254
26,26.82,62.42,Green (Healthy),308.41,25.281073,42.550526,2024-08-21 22:21:45.410254
26,29.89,88.36,Orange (Unhealthy for Sensitive Groups),253.13,28.977526,39.13746,2024-04-16 22:21:45.410254
26,22.52,58.03,Brown (Hazardous),52.85,30.007338,34.549366,2024-07-02 22:21:45.410254
26,20.56,75.6,Orange (Unhealthy for Sensitive Groups),451.73,24.07797,34.986854,2024-05-13 22:21:45.410254
26,23.75,54.0,Purple (Very Unhealthy),279.33,29.355635,46.722719,2024-01-22 22:21:45.410254
26,17.51,69.22,Red (Unhealthy),34.84,24.42436,53.212883,2024-04-09 22:21:45.410254
26,34.36,41.88,Brown (Hazardous),367.58,30.030077,43.858795,2024-04-01 22:21:45.410254
27,20.2,84.72,Purple (Very Unhealthy),239.9,19.465996,51.297,2024-08-28 22:21:45.410254
27,36.22,21.43,Brown (Hazardous),382.27,20.188619,42.663177,2024-02-23 22:21:45.410254
27,15.76,61.4,Yellow (Moderate),300.8,18.444307,54.00893,2023-10-28 22:21:45.410254
27,37.7,29.73,Orange (Unhealthy for Sensitive Groups),257.68,19.490779,35.816097,2024-03-10 22:21:45.410254
27,19.0,32.36,Green (Healthy),285.84,29.239022,50.459763,2023-11-25 22:21:45.410254
27,22.39,26.51,Red (Unhealthy),234.41,29.768519,49.863787,2024-06-03 22:21:45.410254
27,30.91,22.79,Green (Healthy),84.37,17.91783,52.087699,2023-09-18 22:21:45.410254
27,27.5,48.62,Green (Healthy),6.23,29.465778,44.005751,2024-02-23 22:21:45.410254
27,21.92,34.01,Orange (Unhealthy for Sensitive Groups),479.47,22.13261,35.466067,2024-06-20 22:21:45.410254
27,26.84,87.04,Green (Healthy),457.79,21.878505,43.285958,2024-06-30 22:21:45.410254
28,22.34,74.06,Red (Unhealthy),162.12,24.542965,41.157321,2024-01-31 22:21:45.410254
28,19.42,56.39,Yellow (Moderate),215.74,21.30259,42.932109,2024-05-17 22:21:45.410254
28,37.31,32.57,Green (Healthy),34.59,17.827024,40.568026,2023-10-30 22:21:45.410254
28,30.91,51.19,Red (Unhealthy),241.94,30.083448,53.553917,2024-01-16 22:21:45.410254
28,27.4,46.66,Orange (Unhealthy for Sensitive Groups),404.19,28.557316,37.571788,2023-10-13 22:21:45.410254
28,15.26,82.54,Green (Healthy),193.96,31.184195,45.291133,2023-10-04 22:21:45.410254
28,23.07,22.98,Green (Healthy),373.15,27.717234,38.843945,2023-10-18 22:21:45.410254
28,18.13,25.43,Red (Unhealthy),8.32,25.535321,36.275348,2024-07-14 22:21:45.410254
28,29.88,80.2,Red (Unhealthy),403.84,31.835017,35.004986,2024-08-13 22:21:45.410254
28,15.98,33.09,Green (Healthy),148.92,18.532493,35.972236,2023-09-27 22:21:45.410254
29,32.63,77.15,Orange (Unhealthy for Sensitive Groups),26.75,25.243339,42.193141,2023-10-23 22:21:45.410254
29,28.81,40.54,Orange (Unhealthy for Sensitive Groups),310.83,30.684611,53.744219,2024-06-12 22:21:45.410254
29,19.98,23.23,Purple (Very Unhealthy),71.22,17.905549,53.32403,2024-04-19 22:21:45.410254
29,23.09,65.7,Red (Unhealthy),398.89,24.60824,38.568327,2024-05-25 22:21:45.410254
29,27.88,78.57,Red (Unhealthy),422.21,22.432821,38.179346,2024-01-19 22:21:45.410254
29,25.62,58.17,Orange (Unhealthy for Sensitive Groups),260.97,26.133042,48.845098,2023-09-27 22:21:45.410254
29,39.02,55.06,Red (Unhealthy),449.47,17.061551,35.830099,2024-04-19 22:21:45.410254
29,22.67,75.1,Yellow (Moderate),119.28,23.101681,41.866426,2024-07-19 22:21:45.410254
29,20.83,38.22,Brown (Hazardous),193.29,30.578765,39.377385,2024-02-09 22:21:45.410254
29,32.51,87.59,Red (Unhealthy),303.67,24.45392,37.420143,2023-10-14 22:21:45.410254
30,19.87,84.97,Yellow (Moderate),89.16,23.860153,47.480718,2024-07-01 22:21:45.410254
30,25.54,76.31,Green (Healthy),294.81,19.564474,43.474791,2023-09-24 22:21:45.410254
30,30.1,35.21,Brown (Hazardous),207.79,26.375151,47.321597,2024-06-08 22:21:45.410254
30,30.13,66.95,Green (Healthy),84.6,29.952688,51.340561,2023-10-28 22:21:45.410254
30,24.6,65.78,Green (Healthy),79.72,26.752543,39.831598,2023-11-21 22:21:45.410254
30,17.76,47.0,Brown (Hazardous),229.91,26.216017,35.133175,2023-11-13 22:21:45.410254
30,37.54,71.84,Yellow (Moderate),283.49,22.032464,43.372997,2023-12-13 22:21:45.410254
30,17.81,35.54,Yellow (Moderate),405.8,28.443552,50.651805,2023-11-23 22:21:45.410254
30,25.47,26.75,Brown (Hazardous),357.16,20.27948,44.828315,2024-06-16 22:21:45.410254
30,16.66,29.74,Brown (Hazardous),157.84,21.90992,43.952168,2023-10-10 22:21:45.410254
31,22.92,51.03,Red (Unhealthy),8.9,31.443187,50.822866,2024-03-17 22:21:45.410254
31,16.99,40.5,Red (Unhealthy),409.89,27.173367,54.530258,2024-06-16 22:21:45.410254
31,30.45,61.18,Red (Unhealthy),474.35,24.486047,35.868328,2023-11-22 22:21:45.410254
31,38.28,54.35,Orange (Unhealthy for Sensitive Groups),292.6,30.036901,35.388718,2024-03-21 22:21:45.410254
31,23.32,78.65,Red (Unhealthy),266.24,16.628985,38.736155,2023-10-22 22:21:45.410254
31,20.74,40.76,Purple (Very Unhealthy),456.5,22.563247,37.433759,2023-10-11 22:21:45.410254
31,33.2,30.56,Purple (Very Unhealthy),90.17,20.678657,36.312157,2024-01-09 22:21:45.410254
31,15.62,46.34,Yellow (Moderate),285.72,29.676074,53.392544,2024-05-23 22:21:45.410254
31,22.29,20.63,Yellow (Moderate),249.5,17.730939,50.67371,2024-07-08 22:21:45.410254
31,26.79,81.86,Purple (Very Unhealthy),236.83,19.175527,37.013495,2024-08-25 22:21:45.410254
32,35.98,65.61,Purple (Very Unhealthy),415.96,29.144987,47.6079,2024-08-18 22:21:45.410254
32,16.83,64.79,Red (Unhealthy),67.61,25.083687,46.244696,2023-09-20 22:21:45.410254
32,15.22,45.87,Purple (Very Unhealthy),22.41,24.217293,47.595569,2024-03-23 22:21:45.410254
32,16.46,40.52,Yellow (Moderate),121.92,31.92108,39.231956,2023-09-12 22:21:45.410254
32,17.68,36.2,Red (Unhealthy),225.77,20.026377,54.804394,2023-12-18 22:21:45.410254
32,34.86,78.92,Red (Unhealthy),269.9,30.785848,37.631513,2024-08-21 22:21:45.410254
32,29.11,60.96,Green (Healthy),481.83,29.266964,50.292425,2023-09-13 22:21:45.410254
32,26.48,80.86,Orange (Unhealthy for Sensitive Groups),317.25,24.921086,43.647557,2024-02-04 22:21:45.410254
32,23.45,63.39,Yellow (Moderate),173.16,24.202275,39.077832,2024-04-22 22:21:45.410254
32,32.37,59.65,Purple (Very Unhealthy),323.03,27.572534,46.999446,2024-01-09 22:21:45.410254
33,26.36,44.84,Purple (Very Unhealthy),230.85,25.327174,36.303418,2023-09-13 22:21:45.410254
33,15.4,24.66,Yellow (Moderate),142.22,22.64987,45.877252,2023-11-23 22:21:45.410254
33,37.11,37.31,Red (Unhealthy),332.68,28.948327,41.165215,2024-04-01 22:21:45.410254
33,27.63,71.81,Brown (Hazardous),489.82,29.846933,47.223059,2024-01-06 22:21:45.410254
33,19.11,83.5,Green (Healthy),262.75,27.024702,50.695484,2024-05-12 22:21:45.410254
33,18.33,28.1,Red (Unhealthy),341.83,29.87839,34.808006,2024-04-20 22:21:45.410254
33,37.93,37.6,Orange (Unhealthy for Sensitive Groups),174.49,20.164071,50.787966,2024-06-11 22:21:45.410254
33,34.59,58.03,Purple (Very Unhealthy),189.34,24.495285,52.756791,2024-06-27 22:21:45.410254
33,23.62,82.52,Green (Healthy),31.42,31.589108,37.00964,2024-04-10 22:21:45.410254
33,26.28,44.52,Red (Unhealthy),202.8,17.904547,39.286269,2024-07-31 22:21:45.410254
34,27.03,58.96,Green (Healthy),123.58,17.367648,54.185411,2024-03-21 22:21:45.410254
34,23.94,87.63,Orange (Unhealthy for Sensitive Groups),288.12,23.299532,54.236473,2023-10-10 22:21:45.410254
34,16.31,75.25,Brown (Hazardous),51.58,25.875772,43.9812,2024-04-26 22:21:45.410254
34,28.13,84.96,Green (Healthy),114.8,16.679997,51.237964,2023-11-27 22:21:45.410254
34,17.81,82.34,Green (Healthy),347.39,21.088986,42.843632,2024-03-29 22:21:45.410254
34,31.16,23.0,Green (Healthy),333.06,16.177226,36.726974,2023-11-04 22:21:45.410254
34,33.73,30.51,Purple (Very Unhealthy),297.28,26.649703,41.91844,2024-08-27 22:21:45.410254
34,25.5,53.0,Yellow (Moderate),324.24,28.60545,54.544578,2023-11-12 22:21:45.410254
34,36.69,76.32,Yellow (Moderate),211.91,29.22244,39.038734,2024-04-15 22:21:45.410254
34,30.17,38.67,Brown (Hazardous),228.42,25.655931,46.579739,2024-08-26 22:21:45.410254
35,30.21,85.62,Orange (Unhealthy for Sensitive Groups),132.28,29.123526,42.175109,2023-12-20 22:21:45.410254
35,37.87,49.21,Orange (Unhealthy for Sensitive Groups),416.87,22.781464,51.397593,2024-02-11 22:21:45.410254
35,25.54,60.72,Orange (Unhealthy for Sensitive Groups),296.93,24.685329,37.414352,2024-08-20 22:21:45.410254
35,17.32,65.53,Brown (Hazardous),414.47,21.718115,47.636746,2024-08-08 22:21:45.410254
35,30.99,63.55,Yellow (Moderate),196.36,23.494324,42.310004,2024-08-13 22:21:45.410254
35,26.85,72.32,Red (Unhealthy),261.45,29.495135,40.165315,2024-04-19 22:21:45.410254
35,36.36,88.76,Yellow (Moderate),275.47,27.89349,40.412385,2024-05-28 22:21:45.410254
35,16.06,36.45,Green (Healthy),343.42,28.3392,37.502478,2024-06-03 22:21:45.410254
35,27.3,89.7,Purple (Very Unhealthy),268.73,29.541782,40.373146,2024-04-03 22:21:45.410254
35,32.84,22.7,Red (Unhealthy),54.02,19.183832,51.442811,2024-04-07 22:21:45.410254
36,37.43,73.43,Orange (Unhealthy for Sensitive Groups),14.1,31.447911,49.485883,2024-02-28 22:21:45.410254
36,25.59,68.46,Green (Healthy),36.21,30.016147,53.964491,2024-03-21 22:21:45.410254
36,23.33,73.28,Orange (Unhealthy for Sensitive Groups),112.89,21.033618,47.755369,2024-05-27 22:21:45.410254
36,32.71,67.42,Yellow (Moderate),252.72,26.532215,37.519791,2024-06-29 22:21:45.410254
36,24.29,62.83,Red (Unhealthy),472.77,28.528762,41.774401,2023-09-27 22:21:45.410254
36,31.64,62.91,Orange (Unhealthy for Sensitive Groups),274.51,23.342573,54.324982,2024-08-24 22:21:45.410254
36,23.5,86.57,Red (Unhealthy),209.54,19.322111,40.170212,2024-02-22 22:21:45.410254
36,23.22,85.11,Green (Healthy),494.51,28.056029,36.973919,2024-06-15 22:21:45.410254
36,19.84,29.02,Orange (Unhealthy for Sensitive Groups),67.25,26.09539,52.053492,2023-10-08 22:21:45.410254
36,20.85,66.42,Yellow (Moderate),291.84,17.603694,34.647165,2024-07-01 22:21:45.410254
37,22.05,65.96,Green (Healthy),262.2,16.542517,41.026564,2024-04-08 22:21:45.410254
37,30.78,21.11,Red (Unhealthy),96.31,28.848274,44.33986,2024-07-27 22:21:45.410254
37,15.86,35.66,Brown (Hazardous),283.87,17.759952,41.042196,2024-05-09 22:21:45.410254
37,35.84,46.82,Red (Unhealthy),221.16,21.336941,50.211435,2024-01-06 22:21:45.410254
37,38.83,74.28,Brown (Hazardous),446.14,18.403466,49.537857,2024-04-24 22:21:45.410254
37,18.55,88.43,Brown (Hazardous),178.57,18.620523,45.890731,2023-09-26 22:21:45.410254
37,19.58,27.47,Brown (Hazardous),349.49,16.655209,51.956743,2023-09-17 22:21:45.410254
37,18.46,48.35,Yellow (Moderate),182.36,31.807709,42.154927,2023-10-22 22:21:45.410254
37,37.11,84.04,Yellow (Moderate),197.91,19.077617,51.493836,2024-04-18 22:21:45.410254
37,28.63,25.94,Brown (Hazardous),423.12,29.149887,42.757555,2024-06-26 22:21:45.410254
38,24.14,53.41,Yellow (Moderate),376.78,27.241375,42.586551,2024-01-04 22:21:45.410254
38,15.57,48.83,Brown (Hazardous),442.48,17.553235,39.090281,2023-12-15 22:21:45.410254
38,17.24,54.87,Brown (Hazardous),452.1,21.858312,39.199215,2024-04-15 22:21:45.410254
38,38.53,68.95,Orange (Unhealthy for Sensitive Groups),232.32,26.521662,34.004277,2024-07-14 22:21:45.410254
38,19.32,60.15,Red (Unhealthy),428.87,17.800889,43.691515,2023-09-13 22:21:45.410254
38,18.27,55.76,Brown (Hazardous),231.51,17.12326,53.339514,2023-10-24 22:21:45.410254
38,25.56,53.71,Orange (Unhealthy for Sensitive Groups),230.61,28.359208,36.393843,2023-11-21 22:21:45.410254
38,16.42,62.43,Purple (Very Unhealthy),301.15,26.889338,38.243724,2024-06-01 22:21:45.410254
38,35.56,27.6,Purple (Very Unhealthy),265.18,19.469534,40.472683,2024-06-13 22:21:45.410254
38,20.78,28.88,Red (Unhealthy),15.06,25.393448,35.076881,2024-02-14 22:21:45.410254
39,33.16,29.85,Brown (Hazardous),106.28,26.468372,39.155044,2023-10-08 22:21:45.410254
39,19.83,53.97,Yellow (Moderate),380.85,30.727722,39.865836,2023-10-16 22:21:45.410254
39,26.9,89.31,Red (Unhealthy),11.96,20.7387,54.011033,2024-08-16 22:21:45.410254
39,23.52,89.13,Yellow (Moderate),326.25,27.534352,48.937477,2024-02-06 22:21:45.410254
39,20.44,30.38,Orange (Unhealthy for Sensitive Groups),66.12,30.016166,45.905002,2023-09-10 22:21:45.410254
39,18.03,88.25,Red (Unhealthy),322.52,22.801856,51.92326,2023-09-28 22:21:45.410254
39,30.37,40.45,Brown (Hazardous),288.42,20.158903,48.523642,2023-09-25 22:21:45.410254
39,20.82,38.83,Brown (Hazardous),291.81,30.65753,45.53243,2023-11-15 22:21:45.410254
39,39.66,78.82,Purple (Very Unhealthy),279.02,29.743373,48.882857,2024-08-27 22:21:45.410254
39,37.98,56.11,Orange (Unhealthy for Sensitive Groups),491.72,20.996507,45.760205,2024-03-03 22:21:45.410254
40,30.9,26.08,Orange (Unhealthy for Sensitive Groups),156.81,22.806475,49.854841,2024-05-17 22:21:45.410254
40,34.27,20.53,Orange (Unhealthy for Sensitive Groups),295.58,31.165736,42.617059,2024-01-28 22:21:45.410254
40,22.45,51.88,Brown (Hazardous),272.79,16.346433,50.41823,2024-02-28 22:21:45.410254
40,25.41,57.12,Purple (Very Unhealthy),50.02,26.095461,35.888268,2024-06-27 22:21:45.410254
40,28.21,47.76,Orange (Unhealthy for Sensitive Groups),19.78,20.679807,39.142883,2024-02-22 22:21:45.410254
40,38.26,60.95,Brown (Hazardous),149.35,17.88597,47.541825,2024-04-17 22:21:45.410254
40,18.42,88.35,Yellow (Moderate),467.38,31.07531,39.337057,2024-03-25 22:21:45.410254
40,22.56,25.53,Yellow (Moderate),194.44,29.561801,35.11919,2023-12-07 22:21:45.410254
40,37.96,87.41,Orange (Unhealthy for Sensitive Groups),203.27,19.07026,44.013972,2024-03-12 22:21:45.410254
40,32.08,67.28,Green (Healthy),407.42,21.389051,42.990537,2024-02-01 22:21:45.410254
41,34.04,88.64,Orange (Unhealthy for Sensitive Groups),372.75,22.437206,54.142745,2024-07-02 22:21:45.410254
41,39.87,51.66,Brown (Hazardous),375.26,28.475346,35.580522,2024-06-14 22:21:45.410254
41,33.12,73.04,Red (Unhealthy),490.56,24.144047,43.220777,2024-01-14 22:21:45.410254
41,33.68,54.71,Orange (Unhealthy for Sensitive Groups),300.79,29.867766,34.092947,2024-06-01 22:21:45.410254
41,33.05,63.02,Orange (Unhealthy for Sensitive Groups),195.87,20.411377,50.090789,2024-02-24 22:21:45.410254
41,22.45,26.5,Green (Healthy),404.3,18.028774,50.069744,2024-05-23 22:21:45.410254
41,18.73,54.64,Yellow (Moderate),246.95,29.221515,37.188792,2024-07-08 22:21:45.410254
41,34.23,26.46,Yellow (Moderate),142.26,22.447826,48.751446,2024-02-22 22:21:45.410254
41,26.17,59.42,Brown (Hazardous),50.4,20.019862,48.575979,2024-08-08 22:21:45.410254
41,36.05,80.64,Orange (Unhealthy for Sensitive Groups),472.79,16.964741,41.545027,2024-05-15 22:21:45.410254
42,31.88,58.28,Yellow (Moderate),137.43,25.740879,42.610925,2023-10-25 22:21:45.410254
42,17.76,24.81,Yellow (Moderate),169.75,18.178964,45.26843,2023-11-01 22:21:45.410254
42,27.21,63.92,Green (Healthy),436.56,28.778208,46.61845,2024-04-20 22:21:45.410254
42,33.59,41.78,Red (Unhealthy),145.06,17.441137,37.891311,2024-05-25 22:21:45.410254
42,31.95,53.68,Orange (Unhealthy for Sensitive Groups),208.04,20.247674,40.146564,2024-02-16 22:21:45.410254
42,37.27,49.14,Brown (Hazardous),164.42,18.217992,54.61386,2024-02-12 22:21:45.410254
42,32.91,48.5,Orange (Unhealthy for Sensitive Groups),306.97,17.148833,51.480565,2023-09-14 22:21:45.410254
42,19.48,27.01,Yellow (Moderate),476.26,22.19431,36.529592,2024-04-30 22:21:45.410254
42,28.1,73.01,Yellow (Moderate),255.39,16.148309,52.449717,2024-04-17 22:21:45.410254
42,18.31,74.51,Green (Healthy),37.17,18.701349,48.384489,2024-08-12 22:21:45.410254
43,18.58,80.92,Purple (Very Unhealthy),291.52,20.758435,46.194531,2023-12-01 22:21:45.410254
43,16.2,45.39,Green (Healthy),382.29,23.966995,38.285127,2024-02-11 22:21:45.410254
43,27.5,83.75,Yellow (Moderate),67.24,17.114172,46.048226,2023-09-28 22:21:45.410254
43,23.29,26.54,Red (Unhealthy),198.17,20.776104,45.767373,2024-02-19 22:21:45.410254
43,32.22,66.08,Green (Healthy),383.7,21.942184,39.249878,2024-05-18 22:21:45.410254
43,35.07,31.43,Red (Unhealthy),497.3,30.516367,48.696549,2024-06-30 22:21:45.410254
43,34.05,43.64,Yellow (Moderate),415.71,31.547627,48.641872,2024-05-17 22:21:45.410254
43,33.44,21.29,Orange (Unhealthy for Sensitive Groups),386.66,23.078231,47.253915,2024-08-29 22:21:45.410254
43,37.51,81.59,Orange (Unhealthy for Sensitive Groups),200.45,23.655355,48.751522,2023-09-05 22:21:45.410254
43,21.54,70.99,Yellow (Moderate),170.29,20.829186,49.232108,2024-07-22 22:21:45.410254
44,30.19,71.87,Red (Unhealthy),237.52,26.733629,48.531571,2023-10-04 22:21:45.410254
44,35.76,76.79,Orange (Unhealthy for Sensitive Groups),139.41,23.811809,41.691965,2024-04-30 22:21:45.410254
44,37.62,79.52,Purple (Very Unhealthy),470.37,27.817461,48.244998,2023-09-16 22:21:45.410254
44,24.84,69.95,Brown (Hazardous),288.39,27.389745,49.537946,2024-03-18 22:21:45.410254
44,38.31,49.04,Orange (Unhealthy for Sensitive Groups),282.79,29.435699,48.459401,2024-04-01 22:21:45.410254
44,20.99,41.0,Orange (Unhealthy for Sensitive Groups),4.72,30.238301,34.491498,2023-09-28 22:21:45.415380
44,22.43,56.38,Orange (Unhealthy for Sensitive Groups),343.79,21.152665,48.952774,2024-08-17 22:21:45.415380
44,20.56,35.02,Green (Healthy),403.93,16.510693,47.626702,2024-05-22 22:21:45.415380
44,30.1,55.16,Orange (Unhealthy for Sensitive Groups),485.56,21.369721,51.62965,2023-09-23 22:21:45.415380
44,20.15,31.33,Yellow (Moderate),365.84,31.626876,49.718953,2024-05-15 22:21:45.415380
45,21.14,36.53,Red (Unhealthy),343.36,24.808619,45.242396,2023-12-14 22:21:45.415380
45,23.1,78.6,Purple (Very Unhealthy),318.79,19.049086,43.854639,2024-07-04 22:21:45.415380
45,23.99,31.76,Orange (Unhealthy for Sensitive Groups),445.05,19.859503,36.452906,2024-05-02 22:21:45.415380
45,19.34,52.39,Yellow (Moderate),158.64,16.622713,34.448271,2023-12-02 22:21:45.415380
45,26.82,29.05,Orange (Unhealthy for Sensitive Groups),114.93,19.867217,34.655103,2024-04-19 22:21:45.415380
45,19.31,62.51,Red (Unhealthy),177.72,24.804142,48.399856,2024-04-22 22:21:45.415380
45,20.08,86.13,Green (Healthy),437.11,17.605523,48.575739,2023-09-24 22:21:45.415380
45,31.76,57.21,Yellow (Moderate),398.12,27.167157,51.754448,2023-10-05 22:21:45.415380
45,16.31,51.78,Yellow (Moderate),260.11,27.496957,34.40205,2023-09-18 22:21:45.415380
45,17.25,32.3,Brown (Hazardous),0.26,30.658429,49.835796,2023-09-25 22:21:45.415380
46,19.04,73.67,Yellow (Moderate),59.59,26.480374,51.81839,2023-11-20 22:21:45.415380
46,19.6,23.46,Red (Unhealthy),471.51,25.708819,37.330839,2024-03-09 22:21:45.415380
46,15.87,54.33,Brown (Hazardous),227.97,27.077188,35.750345,2024-01-28 22:21:45.415380
46,22.6,30.35,Orange (Unhealthy for Sensitive Groups),458.47,22.974429,46.622127,2024-05-17 22:21:45.415380
46,39.41,37.73,Orange (Unhealthy for Sensitive Groups),434.03,31.609252,48.821764,2024-06-27 22:21:45.415380
46,15.48,37.86,Purple (Very Unhealthy),125.39,21.016209,52.413048,2024-06-07 22:21:45.415380
46,17.82,63.28,Brown (Hazardous),11.47,23.10763,35.039737,2024-05-07 22:21:45.415380
46,25.63,63.9,Purple (Very Unhealthy),367.49,23.497804,45.826232,2024-09-01 22:21:45.415380
46,23.55,71.79,Orange (Unhealthy for Sensitive Groups),174.59,31.337027,36.473801,2024-04-05 22:21:45.415380
46,27.76,71.73,Brown (Hazardous),322.01,24.678195,35.941651,2024-07-25 22:21:45.415380
47,36.0,64.01,Orange (Unhealthy for Sensitive Groups),103.32,22.12126,50.185795,2023-12-28 22:21:45.415380
47,37.42,20.4,Orange (Unhealthy for Sensitive Groups),14.01,21.410377,47.359348,2024-08-02 22:21:45.415380
47,18.58,66.19,Yellow (Moderate),27.2,28.997288,47.770503,2024-07-21 22:21:45.415380
47,39.49,49.78,Purple (Very Unhealthy),348.8,18.306162,35.530297,2023-12-03 22:21:45.415380
47,32.58,28.44,Purple (Very Unhealthy),82.46,20.739486,41.770281,2024-07-09 22:21:45.415380
47,39.79,82.24,Green (Healthy),145.42,17.126557,49.794701,2024-07-28 22:21:45.415380
47,15.16,79.98,Brown (Hazardous),368.28,24.466149,52.825164,2024-01-19 22:21:45.415380
47,29.5,48.05,Red (Unhealthy),402.76,19.950065,54.659922,2023-10-02 22:21:45.415380
47,23.86,29.33,Purple (Very Unhealthy),275.87,20.200642,51.854523,2024-02-01 22:21:45.415380
47,29.6,42.4,Brown (Hazardous),352.92,21.483121,40.755449,2023-10-25 22:21:45.415380
48,23.23,54.36,Brown (Hazardous),75.52,22.34963,39.373831,2024-05-19 22:21:45.415380
48,23.79,53.89,Orange (Unhealthy for Sensitive Groups),26.85,24.006187,51.524038,2023-11-23 22:21:45.415380
48,17.15,44.99,Orange (Unhealthy for Sensitive Groups),493.12,17.358589,43.989428,2024-03-23 22:21:45.415380
48,38.06,80.89,Green (Healthy),443.66,24.075764,43.410131,2023-11-11 22:21:45.415380
48,19.26,42.4,Yellow (Moderate),430.29,24.896541,51.569869,2024-04-26 22:21:45.415380
48,21.23,47.01,Orange (Unhealthy for Sensitive Groups),129.28,31.336937,51.80372,2024-01-14 22:21:45.415380
48,31.75,57.4,Green (Healthy),337.88,26.815424,37.171034,2024-05-07 22:21:45.415380
48,24.47,73.07,Brown (Hazardous),413.86,31.250416,39.588974,2024-01-03 22:21:45.415380
48,21.7,42.23,Orange (Unhealthy for Sensitive Groups),47.58,24.490797,43.260031,2024-03-11 22:21:45.415380
48,35.29,27.82,Green (Healthy),141.4,16.083454,53.705063,2024-02-20 22:21:45.415380
49,35.7,63.92,Green (Healthy),296.57,30.97648,48.092848,2024-08-04 22:21:45.415380
49,31.54,42.38,Red (Unhealthy),441.53,28.0333,39.557996,2024-03-08 22:21:45.415380
49,15.09,60.96,Yellow (Moderate),306.84,30.772202,47.955827,2023-11-04 22:21:45.415380
49,24.52,72.69,Red (Unhealthy),406.74,20.673486,40.313624,2023-11-10 22:21:45.415380
49,38.65,29.52,Red (Unhealthy),493.67,21.5886,45.437249,2024-02-12 22:21:45.415380
49,22.44,32.45,Brown (Hazardous),1.64,21.80007,53.980443,2024-08-09 22:21:45.415380
49,20.36,54.17,Orange (Unhealthy for Sensitive Groups),246.65,25.913313,36.044785,2024-02-15 22:21:45.415380
49,19.96,31.25,Brown (Hazardous),26.76,17.498962,39.532576,2024-04-29 22:21:45.415380
49,18.39,79.56,Green (Healthy),85.37,16.533253,40.338779,2024-01-25 22:21:45.415380
49,16.3,25.17,Orange (Unhealthy for Sensitive Groups),80.32,27.796002,35.649714,2023-11-06 22:21:45.415380
50,31.66,26.21,Red (Unhealthy),113.88,30.974591,53.057311,2024-03-24 22:21:45.415380
50,39.63,84.34,Brown (Hazardous),136.64,23.813341,50.350489,2023-09-07 22:21:45.415380
50,29.15,81.86,Purple (Very Unhealthy),378.71,18.655201,43.210865,2024-01-05 22:21:45.415380
50,27.52,69.15,Orange (Unhealthy for Sensitive Groups),267.15,18.6274,54.809476,2023-11-15 22:21:45.415380
50,26.13,68.92,Purple (Very Unhealthy),182.71,29.263905,50.67138,2024-07-19 22:21:45.415380
50,22.89,86.21,Brown (Hazardous),303.87,31.588381,43.96684,2023-12-20 22:21:45.415380
50,16.34,35.73,Red (Unhealthy),140.3,21.872629,43.814584,2024-09-01 22:21:45.415380
50,29.57,54.36,Orange (Unhealthy for Sensitive Groups),48.06,30.867752,50.196874,2023-11-04 22:21:45.415380
50,34.46,52.83,Yellow (Moderate),243.21,31.286084,39.046908,2024-05-28 22:21:45.415380
50,24.36,72.24,Purple (Very Unhealthy),429.64,17.878934,50.03132,2024-02-19 22:21:45.415380
51,36.73,85.31,Purple (Very Unhealthy),28.39,23.923011,49.000867,2023-10-22 22:21:45.415380
51,19.02,44.51,Brown (Hazardous),217.24,28.169348,53.795243,2024-02-09 22:21:45.415380
51,16.39,35.89,Brown (Hazardous),329.37,28.39751,39.417667,2023-09-05 22:21:45.415380
51,38.4,75.07,Green (Healthy),362.03,24.125551,47.146921,2023-09-11 22:21:45.415380
51,17.45,54.98,Orange (Unhealthy for Sensitive Groups),434.59,24.317835,47.423904,2024-04-22 22:21:45.415380
51,36.79,33.15,Green (Healthy),107.23,28.625403,34.380958,2024-02-13 22:21:45.415380
51,33.06,78.3,Purple (Very Unhealthy),85.44,20.807507,38.629209,2023-12-23 22:21:45.415380
51,15.22,58.72,Orange (Unhealthy for Sensitive Groups),471.18,25.057119,35.068977,2024-06-14 22:21:45.415380
51,35.86,23.53,Brown (Hazardous),88.47,31.302995,41.381013,2023-12-24 22:21:45.415380
51,23.2,79.92,Green (Healthy),338.48,17.774064,43.053784,2024-07-11 22:21:45.415380
52,37.21,75.74,Yellow (Moderate),222.17,25.80707,48.643003,2024-06-23 22:21:45.415380
52,27.72,40.21,Yellow (Moderate),382.98,16.68823,43.237563,2024-05-09 22:21:45.415380
52,16.37,75.11,Red (Unhealthy),394.65,21.329617,46.235226,2024-02-23 22:21:45.415380
52,39.34,40.67,Green (Healthy),329.51,20.187432,38.829736,2023-12-17 22:21:45.415380
52,33.09,75.14,Green (Healthy),466.44,23.909919,48.919679,2024-06-20 22:21:45.415380
52,38.12,78.59,Orange (Unhealthy for Sensitive Groups),74.96,28.612184,53.347056,2024-08-29 22:21:45.415380
52,24.66,85.61,Green (Healthy),26.54,25.068013,36.139709,2024-06-01 22:21:45.415380
52,34.94,28.37,Red (Unhealthy),442.49,16.475485,43.459848,2024-05-13 22:21:45.415380
52,15.29,49.22,Red (Unhealthy),431.08,18.212728,40.362858,2024-03-12 22:21:45.415380
52,27.2,73.18,Purple (Very Unhealthy),337.71,30.50357,35.573054,2023-10-05 22:21:45.415380
53,25.56,69.2,Green (Healthy),193.83,24.482744,48.389435,2024-07-05 22:21:45.415380
53,39.82,70.51,Red (Unhealthy),127.81,16.018731,37.153947,2024-01-20 22:21:45.415380
53,33.34,61.08,Red (Unhealthy),342.97,17.694252,52.969092,2023-12-11 22:21:45.415380
53,20.35,88.96,Yellow (Moderate),7.65,16.404064,38.066388,2023-11-15 22:21:45.415380
53,33.61,85.92,Yellow (Moderate),295.39,27.244963,42.177049,2024-04-08 22:21:45.415380
53,19.04,74.92,Green (Healthy),11.93,18.552686,49.490622,2023-10-06 22:21:45.415380
53,33.12,86.64,Brown (Hazardous),226.53,16.470228,53.41037,2024-07-14 22:21:45.415380
53,29.52,21.93,Purple (Very Unhealthy),218.53,27.283757,37.930177,2023-11-20 22:21:45.415380
53,36.96,26.21,Red (Unhealthy),491.93,21.275308,44.835221,2024-01-28 22:21:45.415380
53,18.73,88.19,Yellow (Moderate),117.89,25.387732,50.350203,2024-05-29 22:21:45.415380
54,34.39,55.92,Brown (Hazardous),256.15,25.114479,54.493526,2024-03-16 22:21:45.415380
54,29.66,29.29,Green (Healthy),194.68,30.549296,39.947435,2023-10-28 22:21:45.415380
54,32.59,40.65,Purple (Very Unhealthy),406.97,23.318479,47.220947,2024-05-24 22:21:45.415380
54,31.2,81.2,Red (Unhealthy),103.93,26.946947,39.854583,2024-08-29 22:21:45.415380
54,38.63,86.59,Green (Healthy),139.56,17.202162,47.301112,2023-11-19 22:21:45.415380
54,15.56,81.14,Green (Healthy),310.07,28.310359,46.702731,2023-11-01 22:21:45.415380
54,26.47,58.29,Yellow (Moderate),305.79,21.735849,41.79711,2024-02-14 22:21:45.415380
54,37.3,36.67,Brown (Hazardous),399.09,30.310797,48.88766,2024-02-17 22:21:45.415380
54,21.56,37.77,Brown (Hazardous),112.64,21.386245,44.607981,2023-09-10 22:21:45.415380
54,21.47,61.79,Red (Unhealthy),499.13,25.672759,41.739599,2024-02-23 22:21:45.415380
55,22.83,80.69,Yellow (Moderate),497.64,22.317934,44.568764,2023-11-15 22:21:45.415380
55,37.93,57.8,Orange (Unhealthy for Sensitive Groups),352.47,20.374065,44.079857,2023-12-26 22:21:45.415380
55,31.38,84.91,Green (Healthy),480.15,25.229332,36.997207,2023-11-21 22:21:45.415380
55,33.02,27.95,Orange (Unhealthy for Sensitive Groups),244.91,29.226273,37.233794,2024-05-26 22:21:45.415380
55,25.0,86.14,Red (Unhealthy),65.34,25.751514,54.996916,2023-09-11 22:21:45.415380
55,33.92,54.81,Brown (Hazardous),38.44,18.743081,51.546904,2023-12-04 22:21:45.415380
55,15.07,65.77,Purple (Very Unhealthy),459.96,25.656999,53.857186,2023-12-18 22:21:45.415380
55,25.7,83.5,Green (Healthy),59.98,20.867,35.445278,2023-09-10 22:21:45.415380
55,38.04,85.23,Orange (Unhealthy for Sensitive Groups),487.46,26.925624,37.137731,2023-09-26 22:21:45.415380
55,34.11,71.22,Red (Unhealthy),372.68,26.860275,48.133666,2024-06-26 22:21:45.415380
56,37.44,34.99,Purple (Very Unhealthy),5.3,30.716729,37.656704,2024-05-13 22:21:45.415380
56,25.96,43.37,Red (Unhealthy),258.08,20.25657,38.017332,2024-04-08 22:21:45.415380
56,27.54,51.18,Brown (Hazardous),45.87,31.952929,37.074262,2024-07-29 22:21:45.415380
56,18.07,52.62,Yellow (Moderate),95.53,19.923221,49.310832,2024-02-12 22:21:45.415380
56,28.85,63.71,Yellow (Moderate),75.64,17.615218,50.241742,2024-07-18 22:21:45.415380
56,37.28,27.57,Brown (Hazardous),384.87,24.97168,38.849929,2023-09-30 22:21:45.415380
56,31.17,53.35,Green (Healthy),27.25,29.773527,54.743309,2024-08-01 22:21:45.415380
56,25.66,44.4,Green (Healthy),312.46,30.796656,37.603709,2024-05-24 22:21:45.415380
56,31.13,28.07,Orange (Unhealthy for Sensitive Groups),296.61,21.092714,47.686988,2024-01-10 22:21:45.415380
56,38.23,63.45,Orange (Unhealthy for Sensitive Groups),322.59,29.11603,40.926013,2024-06-16 22:21:45.415380
57,27.83,53.39,Brown (Hazardous),154.92,17.928398,47.702719,2024-04-06 22:21:45.415380
57,33.56,73.46,Orange (Unhealthy for Sensitive Groups),148.98,26.511258,40.212493,2023-09-16 22:21:45.415380
57,35.01,51.59,Brown (Hazardous),33.22,28.733711,44.778022,2024-05-30 22:21:45.415380
57,19.2,29.67,Red (Unhealthy),199.91,28.885909,49.986253,2024-02-08 22:21:45.415380
57,28.6,20.76,Green (Healthy),393.29,29.280456,43.435398,2024-06-30 22:21:45.415380
57,23.7,59.09,Red (Unhealthy),363.26,28.895051,39.734021,2024-09-02 22:21:45.415380
57,23.8,62.78,Red (Unhealthy),265.03,22.707486,45.269573,2024-05-09 22:21:45.415380
57,22.7,78.71,Green (Healthy),315.34,28.093208,38.319693,2024-06-02 22:21:45.415380
57,19.61,25.33,Brown (Hazardous),54.8,19.67409,36.366654,2023-12-11 22:21:45.415380
57,25.38,67.89,Orange (Unhealthy for Sensitive Groups),46.3,28.256989,37.408017,2024-03-27 22:21:45.415380
58,21.69,24.08,Orange (Unhealthy for Sensitive Groups),169.88,30.248761,38.17579,2024-08-05 22:21:45.415380
58,16.86,53.19,Yellow (Moderate),148.92,31.305157,52.281366,2024-08-26 22:21:45.415380
58,26.63,72.53,Green (Healthy),487.91,27.387261,51.952204,2024-02-24 22:21:45.415380
58,35.39,59.78,Purple (Very Unhealthy),240.85,26.482204,42.796111,2024-05-10 22:21:45.415380
58,23.09,27.85,Yellow (Moderate),434.28,23.346188,47.958397,2024-01-05 22:21:45.415380
58,34.33,72.14,Brown (Hazardous),365.67,16.015509,44.286697,2024-06-12 22:21:45.415380
58,21.04,29.62,Yellow (Moderate),382.31,22.574378,38.072788,2023-10-07 22:21:45.415380
58,35.37,54.91,Orange (Unhealthy for Sensitive Groups),474.14,18.245326,34.056856,2024-01-14 22:21:45.415380
58,25.63,20.25,Green (Healthy),405.98,28.417251,50.013266,2024-08-06 22:21:45.415380
58,33.57,59.12,Purple (Very Unhealthy),299.7,23.624285,46.868174,2023-12-25 22:21:45.415380
59,24.34,33.03,Red (Unhealthy),434.43,25.967817,43.481121,2024-01-27 22:21:45.415380
59,39.12,49.73,Purple (Very Unhealthy),189.19,16.502944,42.153085,2024-07-23 22:21:45.415380
59,31.0,64.7,Red (Unhealthy),161.99,30.496299,36.197107,2024-02-10 22:21:45.415380
59,17.71,31.03,Orange (Unhealthy for Sensitive Groups),315.41,18.901955,36.684551,2024-07-18 22:21:45.415380
59,36.81,29.1,Red (Unhealthy),14.44,16.063497,37.711591,2024-05-10 22:21:45.415380
59,32.72,56.79,Orange (Unhealthy for Sensitive Groups),44.8,28.933049,50.508044,2023-10-21 22:21:45.415380
59,28.48,41.03,Green (Healthy),2.59,30.6287,52.166969,2024-07-23 22:21:45.415380
59,38.27,83.37,Red (Unhealthy),176.05,22.061621,40.814348,2023-09-05 22:21:45.415380
59,37.68,24.63,Yellow (Moderate),496.09,30.367537,40.886284,2024-08-12 22:21:45.415380
59,36.22,24.36,Red (Unhealthy),296.98,22.492514,47.510283,2024-08-29 22:21:45.415380
60,36.93,60.35,Red (Unhealthy),300.06,20.587676,47.050626,2024-02-26 22:21:45.415380
60,24.93,20.59,Purple (Very Unhealthy),120.83,29.610478,52.442441,2024-06-16 22:21:45.415380
60,20.42,24.33,Yellow (Moderate),497.82,23.991296,38.348962,2024-06-30 22:21:45.415380
60,24.91,74.46,Purple (Very Unhealthy),342.01,31.459329,41.222677,2024-07-27 22:21:45.415380
60,16.95,42.52,Purple (Very Unhealthy),424.72,21.619746,39.743497,2024-06-29 22:21:45.415380
60,21.56,52.44,Green (Healthy),9.08,20.434062,43.268753,2024-07-23 22:21:45.415380
60,23.32,23.97,Purple (Very Unhealthy),481.28,18.360079,40.200933,2024-01-13 22:21:45.415380
60,33.01,76.9,Red (Unhealthy),242.07,23.264231,41.678899,2024-01-18 22:21:45.415380
60,26.91,46.34,Green (Healthy),299.44,21.854791,50.198952,2024-04-04 22:21:45.415380
60,28.36,77.18,Orange (Unhealthy for Sensitive Groups),214.17,28.013239,44.666555,2023-11-12 22:21:45.415380
61,16.88,54.6,Green (Healthy),497.6,24.624989,43.884326,2023-09-30 22:21:45.415380
61,32.79,40.39,Orange (Unhealthy for Sensitive Groups),472.76,27.980499,47.235108,2023-12-04 22:21:45.415380
61,33.91,25.62,Yellow (Moderate),133.83,17.239141,41.554958,2024-04-23 22:21:45.415380
61,36.61,72.94,Brown (Hazardous),91.48,23.808348,53.814846,2023-11-23 22:21:45.415380
61,16.36,56.37,Red (Unhealthy),340.11,27.365256,34.717409,2024-06-29 22:21:45.415380
61,31.98,44.01,Orange (Unhealthy for Sensitive Groups),252.96,27.774976,42.113639,2024-06-30 22:21:45.415380
61,25.12,59.22,Green (Healthy),218.33,28.447029,36.719339,2024-03-15 22:21:45.415380
61,22.52,76.56,Orange (Unhealthy for Sensitive Groups),250.42,29.686718,34.162125,2024-09-02 22:21:45.415380
61,37.34,77.77,Red (Unhealthy),276.99,22.823882,40.830838,2023-12-30 22:21:45.415380
61,25.62,82.04,Yellow (Moderate),373.69,27.265394,38.405474,2024-06-19 22:21:45.415380
62,36.97,85.37,Orange (Unhealthy for Sensitive Groups),454.02,31.819383,45.870537,2024-07-05 22:21:45.415380
62,26.43,48.02,Yellow (Moderate),495.46,21.213491,54.037222,2023-10-04 22:21:45.415380
62,37.54,24.99,Orange (Unhealthy for Sensitive Groups),485.39,30.033963,49.885315,2024-06-15 22:21:45.415380
62,18.8,59.13,Purple (Very Unhealthy),390.12,28.505682,38.51715,2024-07-30 22:21:45.415380
62,34.39,61.58,Brown (Hazardous),38.11,31.518942,34.915285,2023-11-09 22:21:45.415380
62,29.54,24.03,Orange (Unhealthy for Sensitive Groups),196.27,27.943524,39.448043,2024-01-05 22:21:45.415380
62,38.01,47.97,Brown (Hazardous),447.88,20.167523,42.409172,2024-07-12 22:21:45.415380
62,35.69,85.08,Orange (Unhealthy for Sensitive Groups),340.3,18.464738,52.694595,2024-02-26 22:21:45.415380
62,37.14,30.76,Orange (Unhealthy for Sensitive Groups),389.96,24.026058,49.462851,2024-06-18 22:21:45.415380
62,39.25,45.46,Brown (Hazardous),153.89,31.867078,41.850087,2024-05-18 22:21:45.415380
63,18.2,64.7,Brown (Hazardous),36.07,29.943694,36.866171,2023-12-12 22:21:45.415380
63,34.06,61.03,Purple (Very Unhealthy),0.47,31.939928,45.753915,2024-08-30 22:21:45.415380
63,32.16,82.2,Purple (Very Unhealthy),349.61,16.262592,35.906796,2024-07-31 22:21:45.415380
63,37.59,38.24,Brown (Hazardous),188.83,25.145714,38.381607,2024-07-16 22:21:45.415380
63,29.35,88.26,Yellow (Moderate),119.17,25.576914,52.581928,2023-11-28 22:21:45.415380
63,21.13,53.27,Red (Unhealthy),204.19,17.235131,47.008567,2024-03-19 22:21:45.415380
63,15.01,26.23,Orange (Unhealthy for Sensitive Groups),134.52,16.280992,46.932385,2024-03-23 22:21:45.415380
63,21.43,76.01,Yellow (Moderate),479.07,28.763905,49.593492,2024-04-12 22:21:45.415380
63,17.03,33.71,Purple (Very Unhealthy),412.59,27.160858,37.507227,2024-06-21 22:21:45.415380
63,35.84,34.94,Yellow (Moderate),377.61,18.228565,46.588144,2024-07-15 22:21:45.415380
64,39.74,47.35,Brown (Hazardous),192.77,28.463901,39.328879,2024-04-29 22:21:45.415380
64,15.38,46.86,Green (Healthy),147.39,22.98016,48.040107,2024-05-16 22:21:45.415380
64,29.01,46.8,Brown (Hazardous),188.63,29.766385,54.657404,2024-08-03 22:21:45.415380
64,18.57,22.58,Green (Healthy),326.0,17.7869,48.69942,2023-10-15 22:21:45.415380
64,39.45,62.0,Red (Unhealthy),121.42,29.251404,48.227717,2024-03-12 22:21:45.415380
64,23.94,50.65,Red (Unhealthy),244.32,27.218355,40.192756,2024-02-21 22:21:45.415380
64,34.26,22.64,Red (Unhealthy),379.66,26.332476,39.067438,2024-01-11 22:21:45.415380
64,39.35,58.88,Yellow (Moderate),373.62,29.082906,41.227981,2024-06-29 22:21:45.415380
64,36.79,30.89,Orange (Unhealthy for Sensitive Groups),210.75,23.534177,50.784535,2024-01-03 22:21:45.415380
64,27.34,24.42,Orange (Unhealthy for Sensitive Groups),24.36,23.892779,39.673721,2023-12-29 22:21:45.415380
65,28.86,66.39,Yellow (Moderate),186.92,17.121831,53.646774,2024-08-15 22:21:45.415380
65,19.73,27.13,Green (Healthy),458.53,20.86433,54.518554,2024-08-10 22:21:45.415380
65,37.13,76.53,Purple (Very Unhealthy),352.73,30.231811,54.741475,2024-07-31 22:21:45.415380
65,34.52,74.83,Brown (Hazardous),121.32,16.495955,34.846314,2024-07-04 22:21:45.415380
65,18.06,66.37,Orange (Unhealthy for Sensitive Groups),214.87,21.908562,38.08146,2023-09-25 22:21:45.415380
65,35.68,61.1,Red (Unhealthy),155.07,30.57246,43.048718,2024-08-30 22:21:45.415380
65,27.79,46.63,Red (Unhealthy),277.12,29.164771,47.916095,2024-05-28 22:21:45.415380
65,24.3,41.01,Purple (Very Unhealthy),107.83,22.322811,52.685417,2023-12-11 22:21:45.415380
65,35.06,72.38,Red (Unhealthy),45.15,30.235751,37.991424,2024-02-17 22:21:45.415380
65,19.24,57.36,Purple (Very Unhealthy),315.15,19.485797,47.509078,2023-11-14 22:21:45.415380
66,34.53,61.29,Green (Healthy),489.37,17.509451,48.883124,2024-07-31 22:21:45.415380
66,28.95,81.02,Red (Unhealthy),240.69,16.06086,48.821566,2023-09-23 22:21:45.415380
66,26.21,78.36,Orange (Unhealthy for Sensitive Groups),459.23,29.841887,39.610809,2023-12-22 22:21:45.415380
66,36.76,33.81,Green (Healthy),241.28,23.177114,50.539821,2024-02-27 22:21:45.415380
66,18.58,79.97,Red (Unhealthy),339.35,16.661805,36.868098,2024-07-23 22:21:45.415380
66,32.98,45.1,Purple (Very Unhealthy),42.16,27.766318,42.913406,2023-09-20 22:21:45.415380
66,36.44,75.29,Green (Healthy),424.13,20.01124,52.834166,2023-11-29 22:21:45.415380
66,28.92,20.81,Green (Healthy),178.27,16.308202,53.966898,2024-09-01 22:21:45.415380
66,19.39,21.91,Yellow (Moderate),74.01,27.14241,53.67583,2023-09-09 22:21:45.415380
66,24.67,20.51,Yellow (Moderate),309.23,25.503563,36.669858,2024-01-01 22:21:45.415380
67,36.89,23.27,Purple (Very Unhealthy),345.2,29.237561,42.461476,2023-11-25 22:21:45.415380
67,33.67,43.79,Brown (Hazardous),395.23,24.841651,36.321447,2024-06-15 22:21:45.415380
67,36.06,79.01,Orange (Unhealthy for Sensitive Groups),94.08,17.689304,45.877713,2024-01-15 22:21:45.415380
67,29.15,73.21,Green (Healthy),210.53,20.159323,40.158187,2024-04-19 22:21:45.415380
67,38.32,73.28,Orange (Unhealthy for Sensitive Groups),32.65,30.879699,42.117312,2024-04-21 22:21:45.415380
67,20.52,42.7,Orange (Unhealthy for Sensitive Groups),422.01,19.700269,34.046874,2024-07-23 22:21:45.415380
67,26.05,45.65,Brown (Hazardous),109.21,20.477421,40.675471,2024-01-17 22:21:45.415380
67,39.9,49.49,Green (Healthy),333.62,22.881197,48.484596,2024-01-12 22:21:45.415380
67,26.51,89.95,Green (Healthy),95.88,25.286067,46.327712,2023-10-16 22:21:45.415380
67,19.92,44.87,Yellow (Moderate),425.11,28.766965,47.039641,2023-12-08 22:21:45.415380
68,36.16,82.82,Brown (Hazardous),334.56,18.640074,38.620931,2024-05-17 22:21:45.415380
68,21.25,88.66,Brown (Hazardous),293.42,29.121163,47.471439,2024-08-21 22:21:45.415380
68,37.16,58.48,Red (Unhealthy),38.23,24.386244,51.528812,2024-02-08 22:21:45.415380
68,31.05,43.94,Yellow (Moderate),344.15,24.915881,44.866343,2024-03-08 22:21:45.415380
68,16.65,26.45,Red (Unhealthy),113.05,25.042026,42.498372,2023-09-15 22:21:45.415380
68,27.38,38.98,Red (Unhealthy),488.97,26.050347,41.312327,2024-03-02 22:21:45.415380
68,37.61,37.92,Brown (Hazardous),257.08,19.880787,43.197386,2024-01-27 22:21:45.415380
68,18.49,47.21,Yellow (Moderate),321.1,27.719163,36.416364,2024-08-11 22:21:45.415380
68,22.92,82.22,Yellow (Moderate),58.19,18.093474,52.270578,2024-01-31 22:21:45.415380
68,19.12,65.52,Green (Healthy),228.31,29.640561,37.663846,2024-09-03 22:21:45.415380
69,31.47,73.66,Orange (Unhealthy for Sensitive Groups),33.96,16.054635,42.519298,2023-10-15 22:21:45.415380
69,29.22,60.48,Brown (Hazardous),227.24,21.623876,41.260477,2024-06-22 22:21:45.415380
69,36.63,83.94,Red (Unhealthy),44.0,20.309095,53.057437,2024-05-15 22:21:45.415380
69,34.37,65.89,Yellow (Moderate),280.06,22.107937,42.551866,2024-02-12 22:21:45.415380
69,22.81,89.89,Orange (Unhealthy for Sensitive Groups),447.02,31.534185,41.439724,2023-11-16 22:21:45.415380
69,36.51,20.03,Orange (Unhealthy for Sensitive Groups),50.05,23.322479,39.930335,2023-09-27 22:21:45.415380
69,39.27,85.04,Brown (Hazardous),32.48,31.435144,54.004973,2024-07-17 22:21:45.415380
69,18.28,39.32,Brown (Hazardous),446.11,27.704565,35.284867,2023-10-03 22:21:45.415380
69,34.75,77.12,Red (Unhealthy),16.93,20.738802,51.431501,2023-10-23 22:21:45.415380
69,16.59,81.91,Red (Unhealthy),461.57,28.562396,51.799832,2023-12-14 22:21:45.415380
70,30.66,89.49,Yellow (Moderate),110.95,21.0219,37.725131,2024-08-02 22:21:45.415380
70,17.14,24.37,Purple (Very Unhealthy),150.08,30.848554,45.402053,2023-10-11 22:21:45.415380
70,31.7,73.56,Yellow (Moderate),342.95,16.530813,54.841485,2024-04-02 22:21:45.415380
70,27.09,71.49,Purple (Very Unhealthy),66.37,20.669028,46.193946,2024-08-24 22:21:45.415380
70,39.64,58.27,Yellow (Moderate),359.6,31.302054,43.761713,2024-01-16 22:21:45.415380
70,26.53,71.25,Green (Healthy),95.8,27.225945,40.15322,2024-05-18 22:21:45.415380
70,34.69,79.87,Red (Unhealthy),67.65,17.489312,50.764356,2023-09-10 22:21:45.415380
70,25.07,26.92,Red (Unhealthy),128.97,16.999127,35.244167,2024-05-14 22:21:45.415380
70,23.52,77.38,Red (Unhealthy),440.35,17.894787,47.725642,2024-02-18 22:21:45.415380
70,37.35,25.99,Yellow (Moderate),406.9,19.558081,51.573953,2024-01-28 22:21:45.415380
71,39.72,33.73,Green (Healthy),253.64,16.59279,34.780032,2024-04-02 22:21:45.415380
71,32.02,77.34,Purple (Very Unhealthy),104.15,30.025449,38.748414,2024-05-12 22:21:45.415380
71,35.85,46.35,Purple (Very Unhealthy),296.77,25.796439,50.355534,2024-05-05 22:21:45.415380
71,30.53,54.37,Purple (Very Unhealthy),51.64,19.626998,51.372932,2024-05-25 22:21:45.415380
71,32.06,61.56,Green (Healthy),281.24,29.949463,51.195113,2024-01-31 22:21:45.415380
71,16.18,88.88,Green (Healthy),331.08,16.369589,45.466618,2024-01-16 22:21:45.415380
71,17.74,42.22,Green (Healthy),426.02,30.819299,48.316695,2024-02-20 22:21:45.415380
71,27.57,28.29,Red (Unhealthy),366.6,17.795303,42.696136,2024-05-19 22:21:45.415380
71,22.26,72.47,Purple (Very Unhealthy),249.13,19.713032,50.438187,2024-04-03 22:21:45.415380
71,28.97,64.17,Brown (Hazardous),346.95,25.304603,37.908759,2023-09-14 22:21:45.415380
72,38.69,36.14,Yellow (Moderate),243.47,26.075782,42.53748,2024-07-24 22:21:45.415380
72,19.56,65.58,Red (Unhealthy),43.79,31.370025,43.439658,2024-08-16 22:21:45.415380
72,28.23,49.0,Green (Healthy),20.71,23.003712,37.408983,2024-05-20 22:21:45.415380
72,25.13,45.41,Yellow (Moderate),440.85,30.718412,53.970353,2023-09-16 22:21:45.415380
72,26.09,56.3,Red (Unhealthy),278.54,26.757189,48.272586,2023-09-25 22:21:45.415380
72,34.45,68.69,Brown (Hazardous),87.45,24.77811,46.607549,2023-10-07 22:21:45.415380
72,36.8,80.68,Orange (Unhealthy for Sensitive Groups),146.87,22.25307,48.732857,2024-04-28 22:21:45.415380
72,31.54,78.59,Purple (Very Unhealthy),176.23,26.21838,42.517385,2024-08-27 22:21:45.415380
72,18.29,66.36,Yellow (Moderate),205.95,24.303622,45.880909,2023-10-10 22:21:45.415380
72,16.83,45.15,Purple (Very Unhealthy),401.29,28.631977,44.497946,2024-08-20 22:21:45.415380
73,16.95,46.2,Green (Healthy),212.79,26.228772,47.824877,2024-05-25 22:21:45.415380
73,16.35,52.93,Brown (Hazardous),280.23,18.188253,43.331539,2024-04-15 22:21:45.415380
73,31.71,27.37,Orange (Unhealthy for Sensitive Groups),115.56,29.529225,39.123439,2024-04-05 22:21:45.415380
73,32.38,58.82,Yellow (Moderate),398.01,24.136766,53.983041,2024-07-11 22:21:45.415380
73,22.72,34.49,Green (Healthy),255.35,30.378852,48.498297,2024-08-13 22:21:45.415380
73,22.1,35.3,Red (Unhealthy),381.23,24.0967,38.94895,2024-03-08 22:21:45.415380
73,33.49,44.5,Green (Healthy),479.92,20.598621,47.815895,2023-10-23 22:21:45.415380
73,21.95,21.57,Purple (Very Unhealthy),473.08,21.171464,35.176077,2023-11-28 22:21:45.415380
73,19.75,54.51,Yellow (Moderate),464.97,31.278623,52.213269,2024-03-08 22:21:45.415380
73,35.43,41.31,Green (Healthy),169.09,20.765716,41.761062,2024-05-26 22:21:45.415380
74,16.87,50.91,Red (Unhealthy),227.08,30.446313,44.663916,2024-05-03 22:21:45.415380
74,20.5,25.67,Green (Healthy),78.61,26.107655,34.352136,2024-03-24 22:21:45.415380
74,34.45,30.98,Green (Healthy),249.13,25.206233,53.701594,2024-05-10 22:21:45.415380
74,25.44,20.89,Purple (Very Unhealthy),213.1,16.822743,53.071268,2023-10-30 22:21:45.415380
74,25.8,55.34,Red (Unhealthy),116.01,29.250507,41.552947,2024-01-06 22:21:45.415380
74,29.81,49.5,Orange (Unhealthy for Sensitive Groups),473.73,22.56961,48.985574,2024-05-22 22:21:45.415380
74,30.7,51.21,Yellow (Moderate),201.1,26.922457,34.914299,2024-08-04 22:21:45.415380
74,39.37,60.2,Red (Unhealthy),465.53,28.12546,37.713285,2024-08-05 22:21:45.415380
74,22.12,58.32,Red (Unhealthy),108.36,23.703385,44.627298,2023-11-15 22:21:45.415380
74,21.48,30.89,Brown (Hazardous),364.57,29.807136,40.64233,2024-03-28 22:21:45.415380
75,37.04,62.77,Orange (Unhealthy for Sensitive Groups),417.66,25.925041,43.547646,2024-08-05 22:21:45.415380
75,35.33,40.69,Green (Healthy),119.82,28.149577,43.776129,2023-11-03 22:21:45.415380
75,33.41,48.1,Orange (Unhealthy for Sensitive Groups),200.26,26.397534,42.296833,2024-08-13 22:21:45.415380
75,34.55,56.27,Orange (Unhealthy for Sensitive Groups),164.8,30.366335,42.019649,2023-11-10 22:21:45.415380
75,18.29,80.24,Purple (Very Unhealthy),155.93,19.6916,53.64602,2024-02-19 22:21:45.415380
75,34.78,56.98,Red (Unhealthy),468.39,20.671374,38.819258,2024-01-30 22:21:45.415380
75,24.42,83.94,Orange (Unhealthy for Sensitive Groups),486.77,19.438466,51.255956,2023-09-25 22:21:45.415380
75,19.64,24.29,Yellow (Moderate),305.64,31.960784,45.113324,2023-11-08 22:21:45.415380
75,18.5,22.79,Red (Unhealthy),100.72,27.64046,37.687473,2024-03-07 22:21:45.415380
75,35.34,48.16,Yellow (Moderate),336.28,26.316115,44.825632,2024-01-09 22:21:45.415380
76,38.02,71.15,Brown (Hazardous),204.58,22.955028,40.869113,2024-04-14 22:21:45.415380
76,19.26,72.47,Green (Healthy),444.88,27.614595,50.128461,2024-04-04 22:21:45.415380
76,33.46,81.36,Green (Healthy),174.13,27.953006,52.055585,2024-06-18 22:21:45.415380
76,20.06,35.3,Purple (Very Unhealthy),225.61,22.748751,34.055744,2024-08-30 22:21:45.415380
76,25.16,47.85,Yellow (Moderate),269.55,31.654437,35.330751,2024-01-01 22:21:45.415380
76,35.92,22.16,Brown (Hazardous),483.57,28.051218,46.412612,2024-08-23 22:21:45.415380
76,23.56,55.14,Green (Healthy),429.23,17.056839,42.92657,2024-03-18 22:21:45.415380
76,16.01,38.99,Orange (Unhealthy for Sensitive Groups),442.31,17.266414,43.858124,2024-05-13 22:21:45.415380
76,15.74,55.48,Orange (Unhealthy for Sensitive Groups),203.94,16.89899,46.752107,2024-08-01 22:21:45.415380
76,39.63,62.43,Yellow (Moderate),15.67,27.551333,40.947633,2023-12-15 22:21:45.415380
77,18.93,35.96,Green (Healthy),448.53,26.146943,49.814491,2023-12-31 22:21:45.415380
77,24.95,86.74,Green (Healthy),270.22,27.023743,42.083318,2024-05-16 22:21:45.415380
77,33.16,37.52,Brown (Hazardous),456.25,22.204885,38.045944,2024-01-28 22:21:45.415380
77,36.9,26.05,Purple (Very Unhealthy),208.24,25.875342,37.179297,2024-02-28 22:21:45.415380
77,24.01,54.17,Purple (Very Unhealthy),445.73,30.130647,36.034718,2024-01-06 22:21:45.415380
77,22.97,24.81,Brown (Hazardous),168.94,25.400533,40.019896,2023-12-14 22:21:45.415380
77,25.01,36.48,Red (Unhealthy),381.25,24.134392,42.721481,2024-07-22 22:21:45.415380
77,22.87,48.08,Yellow (Moderate),257.68,29.774602,47.151551,2023-10-13 22:21:45.415380
77,29.59,86.74,Purple (Very Unhealthy),282.61,22.151134,46.998651,2023-09-04 22:21:45.415380
77,35.6,72.56,Yellow (Moderate),481.92,21.379328,48.997769,2024-03-30 22:21:45.415380
78,31.88,57.62,Green (Healthy),200.54,26.167456,39.766166,2024-08-09 22:21:45.415380
78,37.43,37.32,Purple (Very Unhealthy),246.88,17.228368,53.897738,2024-01-11 22:21:45.415380
78,19.66,41.34,Orange (Unhealthy for Sensitive Groups),385.67,26.677902,44.076677,2024-07-02 22:21:45.415380
78,38.83,36.59,Brown (Hazardous),15.44,18.635149,43.803682,2024-03-02 22:21:45.415380
78,30.03,33.91,Red (Unhealthy),218.85,25.446574,38.00285,2024-03-29 22:21:45.415380
78,30.9,55.28,Brown (Hazardous),246.68,28.930485,36.544998,2024-03-18 22:21:45.415380
78,26.33,60.37,Yellow (Moderate),415.48,18.381761,43.122034,2023-11-03 22:21:45.415380
78,25.71,50.09,Red (Unhealthy),70.18,19.768006,47.352612,2024-07-12 22:21:45.415380
78,24.53,39.79,Red (Unhealthy),90.22,28.170212,52.333459,2024-05-23 22:21:45.415380
78,18.72,45.66,Green (Healthy),466.05,29.191882,45.157275,2024-02-09 22:21:45.415380
79,24.46,70.0,Green (Healthy),101.39,24.115982,54.230132,2024-02-27 22:21:45.415380
79,35.03,38.65,Purple (Very Unhealthy),465.25,17.496685,34.707838,2024-02-03 22:21:45.423049
79,33.29,46.92,Red (Unhealthy),332.47,26.302994,40.543941,2023-11-06 22:21:45.423049
79,28.92,84.37,Red (Unhealthy),354.55,17.369801,43.330266,2024-07-22 22:21:45.423049
79,30.18,66.81,Purple (Very Unhealthy),288.57,31.536949,41.465573,2024-01-07 22:21:45.423049
79,16.14,54.88,Green (Healthy),373.37,24.184921,38.46308,2024-04-17 22:21:45.423219
79,31.73,45.7,Brown (Hazardous),258.38,17.433848,47.566314,2024-07-12 22:21:45.423219
79,36.13,78.81,Yellow (Moderate),313.68,17.498884,40.573508,2024-08-14 22:21:45.423219
79,22.92,46.69,Yellow (Moderate),376.22,18.632605,45.052469,2024-02-17 22:21:45.423219
79,28.8,50.17,Red (Unhealthy),87.33,19.989273,42.430461,2024-03-17 22:21:45.423219
80,33.75,26.57,Green (Healthy),328.64,17.481511,45.463467,2024-02-09 22:21:45.423219
80,24.86,88.94,Yellow (Moderate),93.92,30.913382,52.097871,2024-04-27 22:21:45.423402
80,34.85,76.37,Brown (Hazardous),322.77,26.453328,47.329678,2024-02-03 22:21:45.423402
80,37.58,53.91,Brown (Hazardous),475.38,22.853526,45.068453,2024-04-09 22:21:45.423402
80,34.52,88.97,Red (Unhealthy),473.09,22.513815,41.337507,2024-02-02 22:21:45.423402
80,20.98,23.68,Red (Unhealthy),327.4,18.528633,50.109832,2023-09-09 22:21:45.423402
80,37.29,66.95,Green (Healthy),149.98,31.166603,43.695702,2024-02-24 22:21:45.423402
80,15.49,40.84,Green (Healthy),105.34,30.002786,37.199552,2024-08-06 22:21:45.423402
80,23.92,27.66,Brown (Hazardous),268.55,26.939409,40.37165,2024-07-29 22:21:45.423402
80,20.45,36.77,Purple (Very Unhealthy),195.33,27.976014,45.341922,2023-10-17 22:21:45.423402
81,34.27,70.62,Yellow (Moderate),104.62,18.911986,34.282886,2024-07-28 22:21:45.423402
81,33.48,81.57,Purple (Very Unhealthy),62.72,28.857493,48.91286,2024-07-10 22:21:45.423402
81,20.97,52.77,Red (Unhealthy),0.0,23.129554,39.772762,2024-07-28 22:21:45.423402
81,17.9,83.92,Brown (Hazardous),496.07,16.172418,48.903824,2024-04-28 22:21:45.423402
81,24.9,66.39,Red (Unhealthy),422.38,29.054551,36.86843,2023-11-17 22:21:45.423402
81,26.55,88.72,Red (Unhealthy),174.71,26.778935,34.979233,2023-11-16 22:21:45.423402
81,24.07,51.86,Brown (Hazardous),360.37,26.319059,53.000278,2024-03-25 22:21:45.423402
81,28.29,58.22,Purple (Very Unhealthy),41.33,19.92781,53.586739,2023-10-27 22:21:45.423402
81,28.53,28.87,Yellow (Moderate),54.51,30.404063,46.885753,2023-12-24 22:21:45.423921
81,27.32,87.08,Orange (Unhealthy for Sensitive Groups),79.73,21.76899,53.473495,2024-05-26 22:21:45.423921
82,24.41,39.63,Yellow (Moderate),285.2,23.381945,34.814675,2024-04-07 22:21:45.423988
82,18.21,87.22,Green (Healthy),168.28,29.190608,35.125291,2024-04-23 22:21:45.423988
82,16.25,82.31,Brown (Hazardous),114.66,26.43988,51.802681,2024-03-26 22:21:45.423988
82,19.78,32.52,Yellow (Moderate),287.12,22.190974,50.762077,2024-08-24 22:21:45.423988
82,35.32,85.44,Red (Unhealthy),138.67,20.03517,43.024324,2024-06-01 22:21:45.423988
82,17.14,44.81,Purple (Very Unhealthy),277.44,19.01918,50.074272,2024-04-04 22:21:45.423988
82,26.95,25.36,Yellow (Moderate),294.7,21.041641,45.533778,2024-05-09 22:21:45.423988
82,29.82,72.64,Brown (Hazardous),51.98,24.85622,38.920118,2024-07-26 22:21:45.423988
82,23.93,36.29,Yellow (Moderate),397.18,24.471911,40.503131,2023-10-26 22:21:45.423988
82,31.19,53.82,Brown (Hazardous),251.29,16.284004,38.651941,2024-07-03 22:21:45.423988
83,21.18,60.15,Purple (Very Unhealthy),108.07,21.982374,39.242147,2023-12-12 22:21:45.423988
83,22.23,41.21,Red (Unhealthy),118.11,19.739584,40.13297,2024-03-23 22:21:45.423988
83,16.19,31.93,Purple (Very Unhealthy),452.48,30.47377,36.561133,2024-08-12 22:21:45.423988
83,20.75,28.7,Yellow (Moderate),97.5,25.875395,36.887087,2024-09-02 22:21:45.424500
83,17.74,53.16,Orange (Unhealthy for Sensitive Groups),451.73,23.730638,35.556613,2023-12-20 22:21:45.424500
83,21.82,28.13,Orange (Unhealthy for Sensitive Groups),60.83,24.977747,46.512265,2024-07-15 22:21:45.424500
83,27.53,86.46,Red (Unhealthy),347.52,18.405692,34.94393,2023-12-29 22:21:45.424500
83,16.65,66.28,Purple (Very Unhealthy),167.12,22.002369,35.664296,2024-02-29 22:21:45.424500
83,39.25,87.5,Orange (Unhealthy for Sensitive Groups),172.69,19.228079,41.542059,2024-08-21 22:21:45.424500
83,21.72,62.31,Brown (Hazardous),211.84,23.519043,35.238328,2024-07-02 22:21:45.424500
84,15.5,24.66,Yellow (Moderate),407.88,20.120709,44.146109,2024-02-13 22:21:45.424500
84,31.32,31.11,Purple (Very Unhealthy),92.27,20.712233,34.130143,2023-10-16 22:21:45.424500
84,35.81,88.1,Yellow (Moderate),347.33,18.099865,54.245595,2024-07-02 22:21:45.424500
84,23.68,89.09,Red (Unhealthy),46.05,28.475423,37.92739,2024-05-27 22:21:45.424500
84,21.97,44.28,Purple (Very Unhealthy),266.44,23.003221,51.04142,2024-04-26 22:21:45.424500
84,17.52,37.43,Brown (Hazardous),324.3,19.055605,51.738786,2024-02-25 22:21:45.424500
84,30.11,48.66,Purple (Very Unhealthy),201.01,23.094209,43.115159,2024-05-11 22:21:45.424500
84,28.89,78.32,Green (Healthy),181.89,23.070518,37.554863,2024-06-11 22:21:45.424500
84,23.85,21.42,Orange (Unhealthy for Sensitive Groups),190.21,19.329685,48.987347,2024-03-17 22:21:45.424500
84,37.25,50.05,Green (Healthy),423.46,21.006026,52.797087,2024-01-22 22:21:45.424500
85,37.72,71.92,Purple (Very Unhealthy),479.44,20.101876,49.340372,2023-11-27 22:21:45.424500
85,38.79,67.5,Red (Unhealthy),438.36,16.11968,35.826613,2024-07-28 22:21:45.424500
85,29.15,81.69,Purple (Very Unhealthy),32.71,19.288239,40.232486,2024-03-27 22:21:45.424500
85,38.38,22.0,Red (Unhealthy),64.7,26.005763,34.092755,2024-08-04 22:21:45.425051
85,16.05,68.03,Orange (Unhealthy for Sensitive Groups),334.15,18.600375,53.205491,2024-06-26 22:21:45.425051
85,19.21,48.47,Green (Healthy),235.49,18.75423,41.679731,2024-08-01 22:21:45.425051
85,38.32,43.88,Purple (Very Unhealthy),73.57,28.308101,48.563823,2024-04-25 22:21:45.425051
85,38.14,55.77,Brown (Hazardous),439.9,21.63548,49.94894,2024-05-27 22:21:45.425051
85,27.38,25.15,Brown (Hazardous),140.97,22.554408,36.387256,2024-01-06 22:21:45.425051
85,18.78,80.71,Yellow (Moderate),37.2,18.260123,34.578008,2024-02-20 22:21:45.425051
86,38.11,78.49,Orange (Unhealthy for Sensitive Groups),308.82,24.746152,39.055406,2024-06-03 22:21:45.425051
86,17.2,69.74,Yellow (Moderate),393.25,23.189816,49.469627,2024-07-26 22:21:45.425051
86,34.2,71.03,Brown (Hazardous),175.81,27.41181,47.954445,2024-01-07 22:21:45.425051
86,16.85,82.02,Orange (Unhealthy for Sensitive Groups),295.22,27.159077,42.54963,2024-06-27 22:21:45.425051
86,28.4,47.07,Brown (Hazardous),154.32,26.679148,52.563445,2024-05-03 22:21:45.425051
86,26.08,33.15,Red (Unhealthy),365.61,31.039815,51.015062,2024-08-27 22:21:45.425051
86,39.31,75.72,Purple (Very Unhealthy),288.23,19.468042,41.438328,2023-12-17 22:21:45.425051
86,24.3,35.55,Purple (Very Unhealthy),252.85,28.018549,45.808542,2024-02-09 22:21:45.425051
86,15.39,41.99,Yellow (Moderate),410.96,22.580618,52.298679,2023-12-16 22:21:45.425594
86,22.74,24.58,Brown (Hazardous),367.0,16.271349,43.126661,2023-10-15 22:21:45.425594
87,20.03,58.05,Green (Healthy),298.56,18.601264,35.783051,2024-03-19 22:21:45.425594
87,35.02,54.37,Purple (Very Unhealthy),307.61,19.3417,37.483551,2023-10-20 22:21:45.425594
87,30.3,55.44,Red (Unhealthy),475.33,18.138719,37.757637,2023-09-24 22:21:45.425594
87,21.28,44.32,Brown (Hazardous),286.2,25.904748,41.32883,2023-12-24 22:21:45.425594
87,17.39,78.78,Orange (Unhealthy for Sensitive Groups),202.07,30.881303,50.211261,2024-04-29 22:21:45.425594
87,24.31,69.91,Yellow (Moderate),416.06,26.46132,34.895709,2024-03-15 22:21:45.425594
87,20.15,63.77,Yellow (Moderate),328.08,17.830375,50.210328,2024-01-04 22:21:45.425594
87,19.68,35.17,Purple (Very Unhealthy),101.98,25.60789,47.057148,2023-11-20 22:21:45.425594
87,17.63,75.78,Yellow (Moderate),197.95,17.739266,45.658165,2023-11-23 22:21:45.425594
87,38.38,69.74,Purple (Very Unhealthy),154.44,16.116074,49.073894,2023-10-15 22:21:45.425594
88,36.29,63.85,Red (Unhealthy),234.48,20.68419,51.39839,2024-06-21 22:21:45.425594
88,26.07,70.0,Orange (Unhealthy for Sensitive Groups),331.13,16.543269,53.370297,2024-03-13 22:21:45.425594
88,22.46,37.32,Purple (Very Unhealthy),29.75,31.94542,43.850683,2024-06-30 22:21:45.425594
88,18.82,70.33,Brown (Hazardous),249.27,28.339512,38.397112,2024-03-01 22:21:45.425594
88,15.23,78.71,Yellow (Moderate),244.16,19.645373,42.899337,2024-07-24 22:21:45.425594
88,27.52,81.6,Orange (Unhealthy for Sensitive Groups),312.24,28.075292,51.623272,2024-03-15 22:21:45.426136
88,34.83,79.84,Yellow (Moderate),339.83,22.423091,46.513878,2024-08-30 22:21:45.426136
88,19.99,33.14,Purple (Very Unhealthy),143.71,21.993245,50.700608,2024-06-10 22:21:45.426136
88,31.55,77.75,Brown (Hazardous),345.88,17.114781,49.54519,2024-08-22 22:21:45.426239
88,16.74,72.93,Yellow (Moderate),178.67,16.097542,53.334625,2023-11-07 22:21:45.426239
89,30.0,60.32,Purple (Very Unhealthy),365.82,23.990176,42.986121,2024-08-19 22:21:45.426239
89,37.67,76.11,Brown (Hazardous),366.56,24.152698,35.973208,2023-09-07 22:21:45.426239
89,37.66,55.0,Yellow (Moderate),67.19,29.073061,48.156811,2024-07-01 22:21:45.426239
89,16.3,68.21,Red (Unhealthy),192.7,30.218779,47.90406,2024-05-05 22:21:45.426239
89,34.36,71.47,Green (Healthy),487.88,20.595405,50.757115,2024-02-02 22:21:45.426239
89,24.77,21.44,Green (Healthy),312.93,19.706743,45.726493,2024-02-18 22:21:45.426239
89,37.34,75.01,Red (Unhealthy),355.83,17.733855,40.741392,2023-12-15 22:21:45.426239
89,37.05,87.15,Green (Healthy),290.19,23.01207,43.581803,2023-10-28 22:21:45.426239
89,28.57,59.97,Red (Unhealthy),356.47,29.73353,40.172557,2024-07-06 22:21:45.426239
89,20.11,63.57,Red (Unhealthy),10.78,27.300065,53.22516,2024-05-03 22:21:45.426239
90,21.88,59.49,Red (Unhealthy),186.25,27.676962,48.543515,2024-03-24 22:21:45.426239
90,17.39,50.05,Purple (Very Unhealthy),234.0,27.822448,46.325185,2023-12-28 22:21:45.426239
90,35.18,62.69,Yellow (Moderate),174.18,20.808761,40.090747,2023-11-07 22:21:45.426239
90,27.23,32.49,Orange (Unhealthy for Sensitive Groups),265.65,30.105805,47.429479,2024-06-10 22:21:45.426750
90,20.65,26.09,Green (Healthy),32.67,19.060207,36.611158,2024-04-09 22:21:45.426750
90,18.09,32.21,Red (Unhealthy),23.93,29.023669,49.431947,2024-06-13 22:21:45.426809
90,23.68,63.72,Orange (Unhealthy for Sensitive Groups),373.67,24.71569,34.49567,2024-01-07 22:21:45.426809
90,34.29,69.84,Yellow (Moderate),126.82,31.595782,41.785415,2024-02-02 22:21:45.426809
90,35.23,56.86,Orange (Unhealthy for Sensitive Groups),324.32,28.326176,43.04765,2024-02-26 22:21:45.426809
90,15.88,69.03,Red (Unhealthy),98.27,26.418887,46.527032,2023-09-25 22:21:45.426809
91,33.96,53.65,Green (Healthy),153.11,25.364021,41.63153,2024-02-13 22:21:45.426809
91,30.23,25.93,Brown (Hazardous),128.26,17.87267,45.436725,2023-10-03 22:21:45.426809
91,15.58,43.38,Red (Unhealthy),26.04,25.381527,42.598541,2024-01-03 22:21:45.426809
91,25.05,36.82,Purple (Very Unhealthy),256.08,28.695161,44.060097,2023-10-24 22:21:45.426809
91,31.36,29.7,Yellow (Moderate),106.65,20.766008,45.879106,2024-01-24 22:21:45.426809
91,22.84,88.65,Orange (Unhealthy for Sensitive Groups),348.89,18.917146,46.377169,2024-04-10 22:21:45.426809
91,18.1,86.28,Brown (Hazardous),125.28,22.447096,45.180037,2024-07-16 22:21:45.426809
91,24.19,81.42,Orange (Unhealthy for Sensitive Groups),254.93,18.672699,45.86692,2024-05-12 22:21:45.426809
91,23.17,34.57,Green (Healthy),183.13,17.941792,43.197643,2023-09-24 22:21:45.426809
91,33.85,73.9,Green (Healthy),130.25,31.800611,42.334816,2024-07-20 22:21:45.427322
92,39.64,37.76,Purple (Very Unhealthy),63.13,18.961277,34.431222,2024-02-20 22:21:45.427374
92,20.42,40.19,Brown (Hazardous),167.45,31.767509,47.389361,2024-05-03 22:21:45.427374
92,31.85,39.61,Yellow (Moderate),220.32,25.732506,41.948869,2023-12-10 22:21:45.427374
92,18.88,85.98,Red (Unhealthy),220.88,28.686337,36.657946,2024-01-22 22:21:45.427374
92,29.42,38.05,Purple (Very Unhealthy),162.96,24.952984,43.100784,2023-12-20 22:21:45.427374
92,17.06,29.5,Yellow (Moderate),470.82,24.567026,37.127935,2024-04-29 22:21:45.427374
92,36.98,59.75,Yellow (Moderate),198.61,27.215966,48.110977,2024-05-20 22:21:45.427374
92,37.59,34.97,Green (Healthy),302.27,18.940788,52.324726,2023-11-12 22:21:45.427374
92,35.58,84.65,Brown (Hazardous),307.6,16.943668,34.271737,2024-07-24 22:21:45.427374
92,22.51,36.57,Orange (Unhealthy for Sensitive Groups),249.08,26.933896,44.692545,2024-06-08 22:21:45.427374
93,25.39,89.14,Brown (Hazardous),135.07,30.534928,38.899854,2024-05-26 22:21:45.427374
93,30.89,65.44,Yellow (Moderate),476.3,23.0938,43.718589,2024-08-08 22:21:45.427374
93,37.47,29.98,Green (Healthy),480.06,20.178482,43.718436,2024-07-29 22:21:45.427374
93,32.66,34.84,Red (Unhealthy),66.9,27.660765,35.835164,2024-06-29 22:21:45.427374
93,20.58,49.56,Red (Unhealthy),320.57,17.896071,47.232399,2024-03-13 22:21:45.427374
93,25.39,65.79,Purple (Very Unhealthy),108.49,24.985367,38.070737,2023-10-10 22:21:45.427374
93,21.39,64.56,Red (Unhealthy),261.07,31.211778,34.235639,2024-05-15 22:21:45.427889
93,23.09,60.87,Orange (Unhealthy for Sensitive Groups),223.8,26.265766,41.449788,2023-12-31 22:21:45.427889
93,26.35,23.61,Brown (Hazardous),198.91,27.227237,38.823821,2023-10-21 22:21:45.427889
93,29.71,58.7,Brown (Hazardous),170.89,21.918521,49.961381,2024-06-11 22:21:45.427889
94,17.53,60.9,Orange (Unhealthy for Sensitive Groups),107.71,22.384214,40.186432,2024-01-13 22:21:45.427889
94,23.22,85.17,Red (Unhealthy),318.39,23.727386,34.352046,2024-04-19 22:21:45.427889
94,39.62,41.56,Yellow (Moderate),24.64,22.50425,43.369326,2023-11-22 22:21:45.428031
94,35.54,87.05,Brown (Hazardous),410.25,30.517398,48.616104,2023-11-12 22:21:45.428031
94,23.8,64.32,Green (Healthy),222.99,21.368134,37.737644,2024-05-30 22:21:45.428031
94,16.88,76.49,Red (Unhealthy),36.68,27.388582,46.706549,2024-04-23 22:21:45.428031
94,29.03,37.98,Red (Unhealthy),223.52,22.772855,49.723423,2024-08-20 22:21:45.428031
94,16.99,54.78,Orange (Unhealthy for Sensitive Groups),227.15,27.846899,45.070285,2024-01-06 22:21:45.428031
94,36.08,42.75,Green (Healthy),347.76,20.446771,46.324549,2023-10-06 22:21:45.428031
94,16.31,63.22,Orange (Unhealthy for Sensitive Groups),421.79,31.32287,37.977107,2023-12-31 22:21:45.428031
95,36.23,68.58,Orange (Unhealthy for Sensitive Groups),359.14,28.418425,47.043691,2023-12-08 22:21:45.428031
95,34.05,27.53,Brown (Hazardous),442.19,24.607549,42.058374,2023-09-13 22:21:45.428031
95,33.07,23.52,Orange (Unhealthy for Sensitive Groups),139.37,27.563109,47.306306,2024-03-11 22:21:45.428031
95,31.9,40.22,Yellow (Moderate),179.19,23.895643,49.027378,2023-09-20 22:21:45.428031
95,17.85,61.41,Green (Healthy),132.55,25.219953,34.075359,2024-07-26 22:21:45.428031
95,15.06,61.55,Purple (Very Unhealthy),381.65,25.540701,40.687038,2024-06-11 22:21:45.428031
95,24.09,45.68,Orange (Unhealthy for Sensitive Groups),96.3,26.762449,53.125788,2023-09-27 22:21:45.428031
95,22.71,66.4,Red (Unhealthy),496.39,20.34781,38.093513,2023-11-09 22:21:45.428031
95,23.49,41.76,Red (Unhealthy),411.4,30.671262,41.154446,2023-09-14 22:21:45.428031
95,37.21,41.65,Purple (Very Unhealthy),133.15,24.202183,48.823863,2024-03-09 22:21:45.428031
96,30.7,68.62,Red (Unhealthy),17.25,29.932793,40.434522,2023-09-22 22:21:45.428031
96,23.93,33.5,Brown (Hazardous),270.68,18.244802,35.258873,2024-06-07 22:21:45.428031
96,31.42,55.82,Purple (Very Unhealthy),13.01,16.420828,50.239283,2024-08-01 22:21:45.428031
96,24.61,69.96,Orange (Unhealthy for Sensitive Groups),190.91,30.399142,44.941996,2024-05-29 22:21:45.428540
96,35.77,55.07,Brown (Hazardous),405.77,16.213278,54.581434,2024-06-01 22:21:45.428540
96,15.94,58.7,Red (Unhealthy),270.48,24.035173,35.821248,2024-06-10 22:21:45.428540
96,35.66,72.23,Yellow (Moderate),228.36,24.407495,49.947145,2024-06-14 22:21:45.428540
96,17.37,48.02,Brown (Hazardous),49.08,22.590429,54.911033,2024-02-18 22:21:45.428645
96,15.23,50.63,Yellow (Moderate),451.24,19.553673,40.880868,2023-12-12 22:21:45.428732
96,31.68,41.89,Orange (Unhealthy for Sensitive Groups),1.78,17.665218,53.374648,2024-06-15 22:21:45.428732
97,22.09,82.59,Orange (Unhealthy for Sensitive Groups),31.84,21.905085,42.698318,2024-07-30 22:21:45.428783
97,25.25,65.2,Orange (Unhealthy for Sensitive Groups),97.53,22.011813,41.077925,2024-04-20 22:21:45.428783
97,24.84,81.67,Orange (Unhealthy for Sensitive Groups),477.78,27.453065,41.304731,2024-01-02 22:21:45.428783
97,16.77,85.47,Red (Unhealthy),120.37,29.890454,35.264841,2024-07-15 22:21:45.428783
97,19.69,73.18,Red (Unhealthy),137.62,22.588677,45.160163,2024-07-13 22:21:45.428783
97,32.43,65.03,Brown (Hazardous),6.86,20.84064,42.61324,2024-06-04 22:21:45.429002
97,30.53,56.19,Brown (Hazardous),295.32,23.423914,41.031486,2024-04-21 22:21:45.429002
97,37.99,65.32,Red (Unhealthy),290.49,22.445851,53.621958,2024-07-18 22:21:45.429070
97,38.32,69.57,Brown (Hazardous),122.78,22.795018,47.596589,2024-05-27 22:21:45.429070
97,37.58,32.65,Orange (Unhealthy for Sensitive Groups),291.08,29.77357,49.40511,2024-06-21 22:21:45.429129
98,35.51,78.56,Purple (Very Unhealthy),189.39,30.883698,42.893463,2024-03-08 22:21:45.429129
98,16.25,21.76,Orange (Unhealthy for Sensitive Groups),164.28,31.581189,46.176735,2023-12-11 22:21:45.429129
98,23.32,78.42,Yellow (Moderate),183.27,21.715464,34.453429,2023-09-16 22:21:45.429129
98,34.95,44.57,Green (Healthy),335.39,20.496806,42.684336,2023-12-12 22:21:45.429129
98,21.81,29.36,Green (Healthy),356.69,31.214296,44.806375,2024-01-29 22:21:45.429129
98,34.65,24.84,Yellow (Moderate),339.4,16.451136,47.01038,2024-01-30 22:21:45.429129
98,17.93,50.6,Red (Unhealthy),229.46,22.938685,42.185059,2023-12-10 22:21:45.429129
98,17.78,45.58,Yellow (Moderate),173.56,30.527179,52.47118,2024-08-13 22:21:45.429129
98,24.39,57.22,Brown (Hazardous),202.7,25.271917,41.504419,2024-08-27 22:21:45.429129
98,35.04,32.88,Red (Unhealthy),31.99,21.367626,42.481232,2024-07-10 22:21:45.429129
99,16.41,36.01,Green (Healthy),258.55,26.689706,52.213793,2023-10-11 22:21:45.429129
99,19.73,83.04,Green (Healthy),318.59,19.48385,35.383857,2024-08-27 22:21:45.429129
99,21.88,46.34,Orange (Unhealthy for Sensitive Groups),53.9,30.592637,43.679514,2024-07-23 22:21:45.429129
99,17.5,40.37,Purple (Very Unhealthy),260.16,16.602575,50.087193,2024-03-28 22:21:45.429129
99,15.43,57.02,Brown (Hazardous),151.39,18.715619,46.653508,2024-08-13 22:21:45.429686
99,34.4,84.55,Brown (Hazardous),151.12,17.472383,47.5561,2024-03-01 22:21:45.429747
99,33.13,62.46,Green (Healthy),130.16,25.886126,46.187035,2023-12-18 22:21:45.429747
99,21.69,41.5,Red (Unhealthy),385.94,17.215281,50.832999,2024-08-05 22:21:45.429747
99,17.78,68.46,Red (Unhealthy),304.89,23.913505,42.499309,2023-11-16 22:21:45.429747
99,24.2,40.71,Orange (Unhealthy for Sensitive Groups),42.55,25.993441,40.578201,2024-02-09 22:21:45.429747
100,17.76,31.75,Purple (Very Unhealthy),78.56,28.19181,54.104818,2023-10-18 22:21:45.429747
100,15.68,60.95,Brown (Hazardous),437.83,17.396661,50.45724,2024-05-08 22:21:45.429747
100,30.41,37.08,Red (Unhealthy),299.81,31.753225,45.604528,2023-12-09 22:21:45.429747
100,33.08,79.68,Purple (Very Unhealthy),327.13,31.601119,41.136982,2023-11-03 22:21:45.429747
100,39.84,55.08,Brown (Hazardous),155.84,19.413735,53.064341,2024-04-30 22:21:45.429747
100,19.14,31.28,Red (Unhealthy),285.49,18.423969,47.77638,2024-06-09 22:21:45.429747
100,31.92,45.46,Green (Healthy),342.02,29.001369,51.151055,2024-07-16 22:21:45.430261
100,25.39,77.06,Orange (Unhealthy for Sensitive Groups),199.93,21.653149,47.110361,2024-03-07 22:21:45.430261
100,38.57,83.82,Orange (Unhealthy for Sensitive Groups),329.2,17.854549,51.798319,2024-06-22 22:21:45.430261
100,32.89,35.08,Orange (Unhealthy for Sensitive Groups),417.19,25.949774,41.687843,2024-02-02 22:21:45.430261
